LOG1464 : Logger results;;;;;;;;;;;;;;;;;;;;;;;;;;;;;;;;;;;;
;;;;;;;;;;;;;;;;;;;;;;;;;;;;;;;;;;;;
;;Ch1 (SLM);Ch1 (SLM);Ch1 (SLM);Ch1 (SLM);Ch1 (SLM);Ch1 (SLM);Ch1 (SLM);Ch1 (SLM);Ch1 (SLM);Ch1 (SLM);Ch1 (SLM);Ch1 (SLM);Ch1 (SLM);Ch1 (SLM);Ch1 (SLM);Ch1 (SLM);Ch1 (SLM);Ch1 (SLM);Ch1 (SLM);Ch1 (SLM);Ch1 (SLM);Ch1 (SLM);Ch1 (SLM);Ch1 (SLM);Ch1 (SLM);Ch1 (SLM);Ch1 (SLM);Ch1 (SLM);Ch1 (SLM);Ch1 (SLM);Ch1 (SLM);Ch1 (SLM);Ch1 (SLM);Ch1 (SLM);
;;1/3 Octave;1/3 Octave;1/3 Octave;1/3 Octave;1/3 Octave;1/3 Octave;1/3 Octave;1/3 Octave;1/3 Octave;1/3 Octave;1/3 Octave;1/3 Octave;1/3 Octave;1/3 Octave;1/3 Octave;1/3 Octave;1/3 Octave;1/3 Octave;1/3 Octave;1/3 Octave;1/3 Octave;1/3 Octave;1/3 Octave;1/3 Octave;1/3 Octave;1/3 Octave;1/3 Octave;1/3 Octave;1/3 Octave;1/3 Octave;1/3 Octave;1/3 Octave;1/3 Octave;1/3 Octave;
;;1/3 Oct LEQ [dB];1/3 Oct LEQ [dB];1/3 Oct LEQ [dB];1/3 Oct LEQ [dB];1/3 Oct LEQ [dB];1/3 Oct LEQ [dB];1/3 Oct LEQ [dB];1/3 Oct LEQ [dB];1/3 Oct LEQ [dB];1/3 Oct LEQ [dB];1/3 Oct LEQ [dB];1/3 Oct LEQ [dB];1/3 Oct LEQ [dB];1/3 Oct LEQ [dB];1/3 Oct LEQ [dB];1/3 Oct LEQ [dB];1/3 Oct LEQ [dB];1/3 Oct LEQ [dB];1/3 Oct LEQ [dB];1/3 Oct LEQ [dB];1/3 Oct LEQ [dB];1/3 Oct LEQ [dB];1/3 Oct LEQ [dB];1/3 Oct LEQ [dB];1/3 Oct LEQ [dB];1/3 Oct LEQ [dB];1/3 Oct LEQ [dB];1/3 Oct LEQ [dB];1/3 Oct LEQ [dB];1/3 Oct LEQ [dB];1/3 Oct LEQ [dB];1/3 Oct LEQ [dB];1/3 Oct LEQ [dB];1/3 Oct LEQ [dB];Audio
No;Date & time;20 Hz;25 Hz;31.5 Hz;40 Hz;50 Hz;63 Hz;80 Hz;100 Hz;125 Hz;160 Hz;200 Hz;250 Hz;315 Hz;400 Hz;500 Hz;630 Hz;800 Hz;1000 Hz;1250 Hz;1600 Hz;2000 Hz;2500 Hz;3150 Hz;4000 Hz;5000 Hz;6300 Hz;8000 Hz;10000 Hz;12500 Hz;16000 Hz;20000 Hz;Total A;Total C;Total Z;
1;1-1-2012 0:44:50.200;41,6;34,7;35;36,1;45,4;37,3;32,5;37,6;38,7;42,7;42,6;40,2;41,2;46,2;35,6;34,3;33,1;34,4;32,6;32,3;35,1;37,7;36,9;35,7;34,5;38,3;34,9;38,9;35,6;30,7;25,1;48,6;51,7;59,5;1
2;1-1-2012 0:44:50.400;35,9;32,3;36,4;40,9;42,8;37,5;31,3;42,1;39,8;40,5;42,4;41,2;41,5;41,8;37,3;35;34,2;34,7;33,5;34,7;35,7;39,7;37,5;35,3;36;37,4;35;38;35,5;30,7;24,7;48,6;52,9;63,6;1
3;1-1-2012 0:44:50.600;35,1;37,2;38,5;43,7;41,5;35,8;30,3;39,4;39,3;39,8;43,4;40,6;41,2;40,9;36,9;34,8;34,3;33,8;33,8;35,1;35,5;38,4;36,4;33,5;33,9;34,4;33,1;35,9;32,7;27,5;22,8;47,6;52,7;63,5;1
4;1-1-2012 0:44:50.800;37,8;37,4;42,4;39,7;42,6;34,6;27,8;39,4;39,6;41;42,6;41,3;40,8;39,6;36,1;34,5;33,7;34,9;33,6;34,6;35,3;37,7;36,9;33,3;33,2;33,6;32,5;37,5;34,3;28;24,9;47,4;53,1;64,9;1
5;1-1-2012 0:44:51.000;39,6;35,7;42,2;42,2;39,2;37,2;26,9;41,6;39,3;43;42,4;40,8;40,6;38,8;35,6;34,9;33,4;34,7;33,5;34,2;35,8;37,7;36,3;33,9;33;32;30,5;35,4;32,1;26;23,5;47,1;52,8;64;1
6;1-1-2012 0:44:51.200;36,6;35,9;44,9;39,7;37,9;36,3;27,2;41,1;41,6;42,9;41,7;41,3;41,7;38,6;34,8;35,1;33,1;35,1;33,5;35,5;34,8;37,6;36,4;33,6;32,8;30,9;34,9;34,3;32,8;29,2;22,2;47,2;53,2;63,7;1
7;1-1-2012 0:44:51.400;40,2;36,4;46,6;40,4;36,8;33,9;28,5;40,5;40,4;41,3;42,8;41,6;42,5;38,7;35,4;35,2;33,1;34,9;33;35,4;34,3;36,5;35,4;32,3;32,1;30,5;35,9;36,2;33;28,2;21,9;46,9;52,9;64,8;1
8;1-1-2012 0:44:51.600;41,1;36;46,3;41,7;41,3;37,2;30,6;41,1;39,4;42,1;40,6;41,9;42,9;39;35,9;34,1;33,7;34,4;32,8;34,8;36,5;41,8;39,8;36,8;33,5;32,4;31,9;31,6;28,1;23,7;20,2;48,7;53;64,3;1
9;1-1-2012 0:44:51.800;38,9;36,1;44,1;41,4;42,8;38,7;31,7;38,3;37,1;42,3;41,5;46,3;49,6;40,3;35,7;51,5;41,7;43,4;40,1;46,2;54,9;46,4;42,9;38,9;33,1;31,4;29,1;29,9;26,9;21,8;19,8;58,4;59;63,6;1
10;1-1-2012 0:44:52.000;37,7;34,8;43,8;43,9;41,5;39,2;31,6;38,3;37;41,9;42,6;42,7;44,3;38,7;35,6;45,1;37,4;38,5;36,1;40,3;48,1;40,7;37,8;33,9;30,2;28,1;26,6;27,6;24,4;20,1;19,3;52,3;54,7;64,3;1
11;1-1-2012 0:44:52.200;38,9;36,4;42,3;41,5;41,5;36,9;30,8;39,8;40,6;44,6;42,7;42,2;41,3;40;35,4;40;35,8;36,1;33,5;36,2;41,7;37,9;35,2;31,4;29,2;25;24,9;25,5;22,6;19,3;19,1;48,2;53;60,7;1
12;1-1-2012 0:44:52.400;40,6;34,1;41,6;39,3;39,9;33,6;30,8;39,3;40,6;45,3;42,1;40,3;41,7;37,8;34,5;36;33;35,4;33,4;34,4;36,6;36,2;34;29,8;28,7;24,2;24,2;24,6;21,4;19,1;19;46,1;52,3;59,3;1
13;1-1-2012 0:44:52.600;37,6;30,7;44,1;40,2;39,8;32,1;31,2;39,2;39;43,6;43,7;41,9;41,6;39,4;35,4;34,9;32,8;37,1;36,1;35,2;36,2;36,7;35,6;30,5;29,9;24,7;24,2;24,3;21;18,9;19;47;52,7;60,4;1
14;1-1-2012 0:44:52.800;34,9;30,3;42,2;39,8;37,5;37,1;30,5;36,6;39,5;41,8;43,9;41,1;39,8;39,7;36,2;37,4;38,3;49,7;45,1;36,7;43,2;44,3;43,7;34,5;33,6;27,7;26,6;27,8;23;20,6;19,3;53,9;55,1;60;1
15;1-1-2012 0:44:53.000;34,5;34,1;41,1;40,1;37,3;35,6;31,7;41,2;39,4;42,4;41,5;41,3;39,5;39,7;37,6;39,6;41,9;53,5;54,4;45,8;52,8;56,5;51,8;46,4;44,2;39;45;40,9;34,5;35,1;22,1;62,6;61,9;64,3;1
16;1-1-2012 0:44:53.200;35;36,1;38,9;36,3;38,3;36,1;31,9;40,4;37,7;44,2;43,1;41,9;40,2;39,6;37,9;40,6;44,7;51,4;52,6;43,9;49,4;54,2;50,3;44,7;42,5;39,8;45,4;40,2;36,3;35,7;24,7;60,5;60,1;64,5;1
17;1-1-2012 0:44:53.400;38,7;35,4;43,3;39,2;39;37,2;30,3;39,8;37,8;43;42,9;41,9;41,1;40,5;39,9;41,9;48,2;50,9;52;45,5;46,6;52,5;48,9;42,3;42,5;38,6;39,2;35,7;33,5;30,9;24,4;59,4;59,3;64,7;1
18;1-1-2012 0:44:53.600;37,2;36;42,5;40,4;43,6;35,7;30,6;41,2;38,9;42;42,7;42,3;43;39,9;38,8;40,7;48;50;51,1;50,9;46,2;52,8;54,8;49,3;50,8;45,5;39,6;39;32,9;28,4;23,7;61,6;61;65,5;1
19;1-1-2012 0:44:53.800;34,8;33,6;41,4;40,2;42,5;34,5;30,5;41,8;39,1;41,6;42,8;40,3;41;39,9;39,2;38,6;46,7;48,6;47,7;45,3;44,5;50;50;44,2;44,4;39,2;34,1;33,9;29,4;25,3;21,3;57,8;57,9;65,5;1
20;1-1-2012 0:44:54.000;37,5;35,2;41,4;40,3;41,1;34,8;30,1;38,6;37,5;43;41,9;42;41,5;40,2;39;40,1;46,1;48,5;46,9;43,7;45,4;49,5;48;41,8;40,8;35,5;30,6;30,6;27,4;24,9;22,3;56,9;57,6;66,4;1
21;1-1-2012 0:44:54.200;38;36;44,6;40,4;42,7;36,6;32,3;39,8;41,1;42,3;40,4;41,9;42;40,2;39,5;40,3;45,2;48;46,9;42,3;44,6;49,2;47,4;41,1;38,2;32,6;28,8;29;26;23,8;21,3;56,4;57;65;1
22;1-1-2012 0:44:54.400;40,2;37,3;43,5;39,3;41,1;39,3;32,3;38,9;41;41,6;41,2;42,1;42,5;40;38,8;40,8;46,5;47,6;46,5;40,8;44;48,6;46,3;40,3;35;29,5;28;29,4;26,5;23;20,4;55,8;56,9;64,7;1
23;1-1-2012 0:44:54.600;37,9;37,9;48,7;41,5;41,3;37,3;31,5;39,6;40,4;41,7;41,9;41,9;41,3;39,8;38,7;41;47;48;47,9;47,7;44,1;50,5;52,4;46,2;46,7;49,5;48,4;53,9;57,5;47,4;46,5;61,4;60,6;65,8;1
24;1-1-2012 0:44:54.800;34,9;35,8;45,4;42,1;41,6;36,9;29,2;39,6;38,7;44,2;40,4;41,3;41,4;38,9;39,7;39,2;46,6;49,1;49,5;48;46,3;59;65;60,4;64,7;74,7;69,1;84,1;83,6;68,6;65,7;84,3;82,4;87,3;1
25;1-1-2012 0:44:55.000;33,2;38,9;42,7;43;42,3;36,1;29,9;39,4;40,3;45,4;39,5;39,7;39,8;38,2;39,3;39,6;46,3;50;49,1;45,7;48,4;61,3;63,9;60,9;64,4;71,7;66,4;80,2;79;65,9;63,5;80,4;78,6;83,2;1
26;1-1-2012 0:44:55.200;34,8;37,8;41,4;43,1;39,6;33,8;28,3;41,9;40,5;42,6;41,9;40,4;40,2;38,2;38,4;39,8;46,5;49,7;48,5;43,9;48,9;59,6;59,5;60,1;61,1;65,7;61,1;74,1;72,3;61,9;59,5;74,7;72,9;77,4;1
27;1-1-2012 0:44:55.400;41,3;41,1;43;38,3;40,9;38,3;29,5;39,6;38,4;42,6;43;42,9;41,1;39,3;39,7;41,5;46,2;50,3;49,1;43,3;49,8;57,9;57,2;60,6;60,6;62;58,1;69,8;66,6;60,2;57,8;71,3;69,5;73,6;1
28;1-1-2012 0:44:55.600;43;38,9;42,8;36,6;41,9;37,6;28,8;40,1;36,5;46,4;43,4;41,8;41,2;39,5;40,4;41,7;46,4;50,1;49,3;43,9;51,3;69,9;67,4;64,2;74,8;81,8;66,3;84,1;82,1;69,2;68,7;86;84,2;87,9;1
29;1-1-2012 0:44:55.800;39,5;39,5;46,7;36,8;39,2;38,7;30,8;39,8;37,4;44,7;42,2;40,6;41,6;40,2;39,8;40,1;46,6;49,7;48,9;43,5;50,9;69,6;66,8;64,6;75,3;81,9;66,2;85,3;82,9;69,8;69,1;86,6;84,7;88,6;1
30;1-1-2012 0:44:56.000;37,9;42,8;45,4;34,4;38,2;38,8;29,7;40,1;39;44,7;42,4;39,7;41,8;39,2;39,3;40,4;46,1;51,2;50,6;44,3;50,8;64,6;62,2;62,2;70,1;77,6;62,5;82,7;80,4;69,2;67,2;83,4;81,5;85,8;1
31;1-1-2012 0:44:56.200;37,2;41,7;41,4;33,8;37,1;37,8;32,2;38,7;38,9;44,6;42,8;40,8;41,8;39;39,1;39,9;45,2;49,3;48,7;43,5;49,8;65,5;63,8;64;74,6;84,7;67,6;91,9;90,6;77,7;74,7;92;90,1;94,9;1
32;1-1-2012 0:44:56.400;34,7;39,8;44,2;39;41,9;36,2;30,9;38,5;39,2;42;43,5;41,4;41;39,9;38,4;41,1;46,1;49,8;48,8;44,7;49,9;65;64,6;64,7;76,2;84;69;93,1;91,2;76,5;73,7;92,6;90,7;95,5;1
33;1-1-2012 0:44:56.600;31,8;34,9;46,7;40,2;41,3;32,7;31;39,6;39,8;42;41,7;41,5;41,6;38,6;39,2;40,3;46,3;50,3;48,5;44,1;50,1;67,7;66,2;65,8;73,3;86,7;71,2;89,5;87,9;74;74,4;90,8;88,9;93;1
34;1-1-2012 0:44:56.800;39,9;35,6;43,4;40,6;41,2;35,8;33,4;37,8;39,4;43,1;41,4;41,3;42;39,8;37,9;40,1;46;50,6;48,7;43,5;49,2;64,3;67,6;65,1;69,8;81,8;72,2;85,7;86;72,1;71,2;87,3;85,4;89,8;1
35;1-1-2012 0:44:57.000;38,4;35,5;42,3;37,4;41,4;37,4;32,1;38,5;36,7;44,2;42,6;41,2;41,5;39,8;38,7;40;45,4;49,4;48,9;43,9;50,1;69,9;74,1;67,6;73,2;87;73,2;88,9;88,4;74;74,3;91;89,1;93,1;1
36;1-1-2012 0:44:57.200;35,8;35,8;43,4;38,3;37,5;38,2;28,8;38,9;37,9;42,6;42,5;40,3;40,8;40,3;38,1;41,3;45,2;48,7;49,1;44;49,3;69,2;79,9;66,5;73,6;85,2;72,4;88,3;86,9;72,7;73,1;90,2;88,3;92,2;1
37;1-1-2012 0:44:57.400;35,4;34,8;44,7;39,4;39,8;34,4;31,1;39,4;37,6;44,3;42,8;38,6;41,3;40,4;38,8;41,3;45,5;49,2;48,5;43,3;50,3;68,6;82,1;65,4;70,8;82;70,4;85;83,3;70;70,9;88,1;86,3;89,4;1
38;1-1-2012 0:44:57.600;32,3;38;45,2;41,4;38,1;35,1;29,7;41,6;38,5;45,7;40;38,9;41,3;40,1;39,6;39,8;44,7;49,4;48,2;42,3;49,9;65,4;79,1;63,4;65,4;75,5;72,1;78,8;78,3;68,7;67,3;83,7;81,9;84,6;1
39;1-1-2012 0:44:57.800;32;37,1;43;42;39,4;37,3;31,7;40,1;38,9;44,8;41,4;40,3;41,7;38,9;39,7;39,1;45,3;49,5;48,5;42,7;50,4;63,6;75,7;62,7;62,4;70,2;72,5;74;75,7;66,5;65,4;80,4;78,6;81,4;1
40;1-1-2012 0:44:58.000;37,5;38,9;40,4;40,7;38,2;36,9;32,6;39,4;40,8;43,7;42,5;41,4;43,5;39,3;39,7;38,8;45,2;48,7;48;43,4;50,5;65,5;79,3;63,6;61,9;68,8;73,5;73,1;76,6;67,3;66,6;82,5;80,7;82,9;1
41;1-1-2012 0:44:58.200;38,1;38,6;36,4;41,3;38,7;34,2;30,8;39,3;39,5;42,3;41,9;40,5;43,4;39,3;39,7;40,8;44,9;48,6;48,1;43,2;50,4;65,7;81,6;63,2;61,7;68,8;72,1;72,9;76,5;66,5;67,6;84,1;82,4;84;1
42;1-1-2012 0:44:58.400;37,1;35,4;37,3;43,7;40,5;38,7;31,3;39,3;38,2;43,1;43,1;39,7;41,9;38,3;38,8;39,6;45,5;49,1;48,6;43,5;49,3;64,4;80,3;62,8;61,9;68,2;74,2;72,4;75,7;66,6;66,9;83,1;81,4;83,3;1
43;1-1-2012 0:44:58.600;37,5;34,5;45,8;43,3;40,4;36,8;32,8;40,7;39,4;41,8;43,2;41,2;41,2;38,3;38,1;39,5;44,8;49,2;48,8;42,9;49,9;63,9;79,3;62,2;61,7;69,1;73,5;73,2;74,3;67;67,3;82,3;80,6;82,6;1
44;1-1-2012 0:44:58.800;35,8;37,2;42,3;39,5;41,6;35,8;31,2;40,3;39;41,6;42,9;41,8;42,2;37,1;38;39,7;45,8;48,8;48,1;42,8;50,3;66,8;80,1;63,5;61,7;70;71,5;72,9;73,9;66,1;67,2;82,8;81,1;82,7;1
45;1-1-2012 0:44:59.000;32,1;34,2;43;35,7;39,1;35,8;28,8;40,3;38,4;43;42,3;41,2;41,6;39,4;38,5;38,7;45,7;49;48;43,2;50;67,8;83;63,5;61,7;69,9;69;72,6;72,8;64,8;68,4;85;83,3;84,4;1
46;1-1-2012 0:44:59.200;35,2;35,3;40,7;38;39,9;37,4;30,5;42,4;37,3;42,1;41,2;41;41,2;39,1;38,8;40,2;46,4;49,8;48,4;43,2;50,7;67;81,3;63,7;61,1;68,4;66,9;70,9;72;64,3;67,5;83,3;81,6;82,8;1
47;1-1-2012 0:44:59.400;41,8;40,9;40,3;42,2;40,9;37,4;30,2;41,5;37,4;41,1;42,6;40,5;41,9;40,6;37,8;40,4;45,9;49,6;48,6;43,3;51,1;68;82,3;63,8;61,7;68,9;68,7;71,8;72,6;66;68,3;84,3;82,6;83,7;1
48;1-1-2012 0:44:59.600;37,7;38,8;45,3;39,8;38,1;33,6;28,6;39,8;38,9;43,8;43,9;42,3;42,1;41,7;37,5;40,7;46;49,8;48,9;43,5;50,1;68,9;83,4;63,7;62,4;69,7;71,8;73,8;73,5;66,5;69,2;85,5;83,8;85;1
49;1-1-2012 0:44:59.800;33,2;38,2;41,9;41,2;38,7;31,3;29,8;40,3;36,5;43,1;42,7;40,8;41,5;39,8;39,6;40;45;49,8;49,1;43,3;50,4;70,4;84;64,8;62,8;69,1;75,3;74,4;75,1;70,9;69,8;86,2;84,5;85,9;1
50;1-1-2012 0:45:00.000;37,1;34,5;37,9;40,9;41,1;35,6;30,6;41,2;38;44,1;41,4;42;41,1;38,5;39,1;40,4;46,8;49,9;49,7;43,5;50,1;66,9;83,5;64,4;62,6;68,6;73,7;74,5;74,4;68,9;69,5;85,6;83,9;85,3;1
51;1-1-2012 0:45:00.200;37,5;34,9;40,8;45;41,7;35,1;30,2;39,7;39;44;41,7;41,6;42,9;39,7;38,9;40,7;46,1;49,1;48,5;43,5;50;64,3;78,1;62;62,3;66;78,5;71,7;73,4;67,6;66,8;82,3;80,5;82,8;1
52;1-1-2012 0:45:00.400;37;37,2;41;42,9;40;34,5;28,3;40,3;41,6;44,2;42,3;41,7;41,6;39,5;38,4;39,3;46;48,9;47,8;43,5;50,1;64;75,7;62,7;62,6;66,9;80,9;71,6;74,8;68,8;66,7;82,5;80,7;83,5;1
53;1-1-2012 0:45:00.600;33,6;36,3;44,2;41,9;42,4;35,1;29,9;38,4;39,7;42,1;43,6;40,6;39,6;38,6;38,3;38,7;45,6;49,5;48,4;43,3;51,5;62,5;71,1;62,9;62,2;64;77,8;69;71,8;66,9;63,7;79,3;77,5;80,5;1
54;1-1-2012 0:45:00.800;33,1;36,5;45,4;41,7;41,4;33,4;29,4;36,6;38,2;41,6;44;41,2;38,7;39;38,2;39;45,1;49,5;48,5;42,8;50,9;66,6;78,1;63,6;62,7;65,2;74,2;68,8;71,5;67,5;65,4;81,2;79,5;81,3;1
55;1-1-2012 0:45:01.000;37,7;36,6;42,7;38;36,8;35,7;28,4;37,5;38,6;45,4;42,8;40;41,4;38,9;38,4;39,3;45,7;49,8;48;43,2;50,1;64,7;78,9;62,7;61,9;65,3;74,4;69,5;72,2;66,8;65,4;81,7;80;81,7;1
56;1-1-2012 0:45:01.200;38,2;36,3;43,2;43,8;37,6;36,2;29,8;40,6;39,1;43,5;41;39,1;41,6;40,3;37,6;39,8;45,6;49,6;48,5;42,8;49,6;66;81,1;62,5;62,3;66,6;72,1;70,3;72,8;67,1;66,1;83,3;81,6;82,9;1
57;1-1-2012 0:45:01.400;35,4;37,4;44,7;41,6;41,3;40,2;31,8;39,7;39,8;43,5;40,5;40,4;41,2;39,9;38,5;39,3;45,4;49;48,3;43,7;49,2;68,6;82,9;63,2;62,7;68,4;71,1;71,8;73,2;67,1;67,4;84,9;83,2;84,4;1
58;1-1-2012 0:45:01.600;35,9;36,9;43,3;41,6;37,5;39,7;32,1;40;38,1;43,1;42,7;40,4;41,3;39,3;38,8;39,6;45,1;49,3;48,4;43,4;50,2;67,2;78,7;62,3;61,8;67,3;69,9;70;72,8;67,3;65,1;81,3;79,6;81,3;1
59;1-1-2012 0:45:01.800;38,9;34,3;42,4;43;42,1;39;29,8;38,1;36,1;43,7;42,8;41,3;41,9;38,8;38,6;40,6;45,5;49;48,1;43,6;51,2;64,2;72,5;65,5;61,5;63,6;70,5;67;71;68,2;62,2;77,2;75,5;78,1;1
60;1-1-2012 0:45:02.000;38;34,6;41,7;40,2;42,6;38,3;32,1;38,8;38,4;40,4;40,6;40,6;41,8;39,5;39,3;40,9;46,4;49,8;48,8;44,4;51,1;64,3;66,9;67;62,2;63;73,6;67,2;70,9;68,3;62,1;76,7;74,9;78,2;1
61;1-1-2012 0:45:02.200;34,2;34,5;40,9;38,5;40,7;34,5;28,9;39,4;39,1;41;40,2;41,1;42;39;39,3;41,1;46,4;49,7;48,7;44,2;50,7;64,6;62,7;67;61,5;61,7;69,2;65,6;68,4;69,1;61,3;74,6;72,8;76,3;1
62;1-1-2012 0:45:02.400;35;34,7;43,5;37,4;41,2;35,4;31,8;39;39,1;44,7;40,8;41,5;42,1;38,9;39,1;42;46,1;49,4;48,6;44,5;51,4;63,5;61,4;71,3;62,6;61,8;66,5;65,8;69,9;72,6;60,8;75,8;74;77,7;1
63;1-1-2012 0:45:02.600;32,4;33,7;45,4;39,4;39;33,6;30,6;38,3;37,9;43;41,4;41,7;42,5;39,4;38,4;41,4;46,2;49,8;48,8;44,5;51,6;63,8;65,1;66,9;62,8;63,7;76,1;68,7;73,8;72,4;63,7;78,2;76,4;80,3;1
64;1-1-2012 0:45:02.800;32,9;34;46,9;40,3;37,5;34;31;38;40,3;40,7;41,5;41,6;42,4;40,1;38,5;39,9;45,5;49,1;48,2;44,6;51,1;64,2;63,9;65,1;62,4;62,8;73;67,8;74;75,3;62,7;77;75,2;80;1
65;1-1-2012 0:45:03.000;33,5;35;41,9;38,9;40;35,4;31,9;37,3;38,1;42,7;42,8;42,4;42,7;40;38,9;39,3;45,6;49,3;48,1;45;51,5;71,8;61,9;66,2;63,1;63,1;69,6;66,4;71,5;73;62,2;77,1;75,4;78,8;1
66;1-1-2012 0:45:03.200;37,2;33,2;37,6;38,3;40,7;40,7;31,6;39,8;40,9;42,6;41,1;42,8;42,1;41,1;38,2;39,4;45,2;49,4;48,5;44,4;51,2;71,4;70,9;72,7;65,5;64,3;79,8;69,2;73,1;73,2;65,2;81,9;80,1;83;1
67;1-1-2012 0:45:03.400;39,8;29,4;39,3;37,6;37,2;40,8;32;40,3;40,3;42,9;42,7;40,8;40,8;40,3;40,8;40,4;45,3;49,8;49,8;45,1;51;70;83,5;71,3;65,3;66,7;78,1;72;73,1;72,5;68,7;86,1;84,4;85,8;1
68;1-1-2012 0:45:03.600;38,8;30,2;39,7;37,6;41,6;38,3;30,6;40,3;40,3;43,6;41,7;41;43,3;39,7;38,9;41;45,2;49,1;48,7;44,9;50,7;69,8;79;66,9;63,3;64,4;73,5;68,6;70,1;70,1;65;81,9;80,2;81,8;1
69;1-1-2012 0:45:03.800;36,3;32,6;43,2;36;38,1;37,5;32,8;39,5;37,7;42,1;42,3;41,8;42,5;40,7;38,8;41,7;45,1;50,1;48,9;45,1;51,1;77,6;72,3;66,8;65,5;63,2;68,1;66,2;67;68,8;61,9;81;79,4;80,5;1
70;1-1-2012 0:45:04.000;41,3;39;42,8;38;38,7;35,3;32;39,2;36,4;43,3;42,7;41,7;42,4;40;39,4;42;46,1;48,9;48,6;45,3;50,2;75,7;66,2;65,8;64,2;62,7;64,6;64,7;65,8;67,1;60,8;78,6;76,9;78,2;1
71;1-1-2012 0:45:04.200;41,7;37;45,9;41,8;42,7;37,3;30,8;40,8;38,2;44,5;41;41;42,5;39,3;39,1;40,7;45,8;49;48,5;44,8;49,4;72,6;62,2;65,4;63,1;62,3;65;65,2;67;67,6;62;76,5;74,9;76,9;1
72;1-1-2012 0:45:04.400;42;37,5;43,6;38,2;40,8;37,5;30,9;39,2;36,2;41,1;40,5;40,4;41,5;38,8;38;40,4;45,6;49,2;49,1;45;50,3;70,6;62,8;65,3;62,5;62,2;66,1;65,6;68,7;69,3;62,2;75,5;73,8;76,7;1
73;1-1-2012 0:45:04.600;41,3;36,2;40,3;37,5;38,4;38;32;37,8;37,2;40,3;40,9;40,5;42,7;38,4;38,1;40;45,2;49,4;49,1;44,7;51,3;75,8;65,4;64,3;65,3;62,7;66,1;65,5;67,2;68;61,4;78,8;77,1;78,6;1
74;1-1-2012 0:45:04.800;41,5;38,8;44,8;38,7;38,3;35,3;31,6;37,8;37,9;41,7;40,6;40;41,1;39,2;38,5;38,7;45,4;49,3;48,1;44,9;52,1;72,1;60,6;73;66,5;62,3;64;64,9;66,8;67,1;59,9;77,8;76,1;77,8;1
75;1-1-2012 0:45:05.000;41,6;42,5;44,6;40,3;40,3;35,1;30,5;38;39,7;42,3;42,4;40,6;40,3;38,7;38,9;38,4;46,3;48,9;48,2;45,6;52,3;68,7;58,9;73,5;65;62,2;63,5;65,2;69,2;71,1;59,7;77,2;75,4;78,1;1
76;1-1-2012 0:45:05.200;41,8;42,9;39,8;37;39;38,1;31,2;37,6;41,2;44,1;41,3;40,4;41,9;39,8;39,3;37,9;45,9;48,9;48,4;44,6;51,4;69,3;58,5;70,3;63,6;62,1;64,9;65,2;68,8;71,4;61,8;76;74,3;77,6;1
77;1-1-2012 0:45:05.400;40,7;39,8;41,9;39,2;39,8;38,6;31,8;36,1;37,8;42,9;41,2;41,3;40,9;39,6;37,9;39,1;45,6;48,6;47,6;44,2;51,1;66,5;70,1;67,5;62,6;63,2;69;66,7;72;71,1;63,5;76,8;75,1;78,4;1
78;1-1-2012 0:45:05.600;41,9;38,5;42,9;40,9;37,8;38,6;32,7;37,1;39,5;44,3;42,8;41;41,3;39,2;39,8;41,4;47,2;51,9;51,9;49,1;51,6;65,6;67,7;63,8;62,1;62,8;71,1;67,1;72,9;69,5;63,3;76,2;74,4;78,2;1
79;1-1-2012 0:45:05.800;38,4;37;42,5;44,2;38,6;35,9;30,8;40,1;40,9;44,2;42,2;40,9;41,4;39,4;40,2;41,1;46,4;52,2;52,1;48,1;52,5;66,3;69,5;62,3;62,2;62,9;68,6;66,4;72,3;73,7;64,1;76,4;74,6;78,8;1
80;1-1-2012 0:45:06.000;33,5;37,1;39,9;41,8;41,6;36,5;30,8;42,5;41,1;44,3;41,6;41,7;42,5;40,8;39,2;41;45,2;50,1;49,6;44,7;51,2;67,5;68;62,4;63,7;63,8;69,9;68,1;73,3;73,8;64,9;76,8;75;79,4;1
81;1-1-2012 0:45:06.200;38,1;35;40,8;38,5;42,4;34,6;29,6;40,4;39,2;43,9;40,7;40;40,5;40,8;38,3;39,6;45,1;49,2;48,1;43,7;50,6;71,6;69,2;62,8;63,5;63,3;71,2;68,9;75,1;72,9;65,4;78,3;76,5;80,4;1
82;1-1-2012 0:45:06.400;36,1;36,1;40,4;37,5;42,3;40;29,2;39,3;37,8;42,5;41,2;40,3;40,3;39,5;38;38,9;45,7;49,3;48,4;43,5;50,3;69,9;67,9;61,1;62,3;63;67,7;68,3;71,9;70,1;63,7;76,3;74,5;78;1
83;1-1-2012 0:45:06.600;35,7;36,9;41,4;35,9;42,9;38,5;30,8;40,5;38,6;42;41,4;40,9;40,8;39,9;38,2;41,1;45,3;48,6;48,8;43,2;50;66,9;70,8;63,6;62,6;63,8;69,7;68,7;73,9;70,7;64,4;77,2;75,5;79,1;1
84;1-1-2012 0:45:06.800;36,6;41,6;43,4;37,3;42,5;40,2;32,2;39,8;39,4;42;41,4;40,5;40,8;41,1;38,7;40,9;45,8;48,5;48,3;44,5;50,3;66;69;64,5;62,4;63,2;71;68,1;73,5;71,5;64,2;76,8;75;79,4;1
85;1-1-2012 0:45:07.000;39,8;40,5;44;39,3;40,5;35,8;28,7;40;39,3;41,7;42,3;40,8;40,7;39,4;38,5;40,1;45,8;48,9;48,6;45,4;51,5;72,8;73,5;67,9;63,9;64,1;68;68,8;73,6;71,4;65,8;79,5;77,8;80,7;1
86;1-1-2012 0:45:07.200;38;36,7;44,4;42,7;42,2;36,2;28,2;40,3;38,3;44,5;41,3;41;42,5;39,5;38,4;39,8;45,3;48,7;48,1;44,2;50,4;67,8;76,6;67,7;62,4;64,7;69,5;71;75,6;70,7;68;80,4;78,7;81,5;1
87;1-1-2012 0:45:07.400;38;34,6;45,7;43,5;41;36;30,6;40;38,5;42,8;42,7;41,3;43,4;40;38,8;38,7;45,7;48,8;48,1;43,8;49,8;65,5;74,2;67;62,2;63,8;71,1;70;75,8;73,3;70,5;79,3;77,6;81,3;1
88;1-1-2012 0:45:07.600;35,6;39;45,3;39,9;39,6;32,7;28,7;39,4;38,5;43,1;40,7;41,2;43,4;39,7;38,7;39,2;45,2;48,7;47,8;44,5;50,1;64,5;74,7;69,6;61,6;63,9;69,9;69;74,7;71;69,2;79,3;77,5;80,7;1
89;1-1-2012 0:45:07.800;33,9;36,1;47,1;39;40,5;36,8;30,3;40,4;39;42,6;41,6;40,8;42,5;38,2;39,5;39,3;45,4;48,5;47,2;44,9;49,9;62,7;70,2;71,1;62,3;62,6;68,3;67,7;73,2;69,5;66,6;77,3;75,5;78,9;1
90;1-1-2012 0:45:08.000;30;34,5;44,9;39;40,9;36,3;31,8;39,2;38,7;43,5;40,6;41,6;40,9;38,6;38,3;38,9;45;48,8;48,2;43,8;48,6;60,1;70,8;67,1;61,5;61,7;67;66,7;71,2;66,5;66,2;75,9;74,2;77,2;1
91;1-1-2012 0:45:08.200;33,8;32,8;42,8;39,1;40,5;37,7;28,8;39,7;40,4;41,4;40,9;41,3;42,7;39,5;39,5;38,9;45,8;49,4;48,9;43,8;47,7;64,4;77,8;68;61,9;66,3;68,3;72,1;72;68,1;69,6;80,8;79,1;81,2;1
92;1-1-2012 0:45:08.400;34,9;33,9;39,3;40,4;39,3;36;29,5;41,9;41;42,5;43,8;41,4;41,8;39,4;39,3;39,6;45,7;48,9;49,2;45,5;47,6;63,4;78;69,6;63;64,8;70,9;73,8;74,8;71,3;71,8;81,5;79,7;82,4;1
93;1-1-2012 0:45:08.600;35,4;35,6;39,6;43;39,4;34,1;31,4;40,1;40,3;44,1;43,5;41;41,9;40,2;39,4;39,2;45,4;49,1;49;44,7;48,8;62,4;72,5;70,4;62,9;63,2;70,7;70,4;76;71,6;72,2;78,9;77,1;81;1
94;1-1-2012 0:45:08.800;35,1;37,3;42,3;40,5;39,8;35,8;29,1;39,4;39,8;43,6;42,2;39,6;41,7;39;39,1;40,5;45,7;48,8;48,9;44,3;47,2;64,9;80,5;69,3;63;64,9;71,1;74,5;75,9;70,1;72,9;83,3;81,6;83,8;1
95;1-1-2012 0:45:09.000;40,9;37,1;41,2;40,8;41,9;36,4;31,2;41,9;39,9;44,3;42,7;41,4;40,8;39,4;38;41,5;46,4;48,2;48,8;44;47,2;64;79,5;70,2;63,4;65,3;71,1;75,8;77,4;70,1;73,3;82,9;81,2;83,9;1
96;1-1-2012 0:45:09.200;37,6;36,4;44,5;40,2;39,9;36,8;31,1;40,5;39,8;43,7;44,1;41;40,2;40,5;39,5;40,9;45,7;48,6;48,8;43,4;48,4;63,4;73,8;68,6;63,6;66,2;69,8;75,8;75,1;68,6;71;79,6;77,8;81,3;1
97;1-1-2012 0:45:09.400;39,6;34,3;43,7;37;37,2;37,9;32,5;40,1;38,8;42,7;43,8;42;41,5;39,3;40,1;40,2;44,9;48,6;48,2;44;49,6;59,3;67,1;63,5;61,5;62,6;64;71,2;69;64,5;64,7;74,3;72,5;76,3;1
98;1-1-2012 0:45:09.600;36,4;33;45,2;34,7;38,9;37,1;29,7;40,4;37;42,2;43;42,3;40,7;38,4;39,2;41;45,4;49,7;48,3;44,3;50;58,2;61,4;60,6;60,5;61,1;59,9;69,1;64,7;62,2;59,7;71,2;69,5;73,4;1
99;1-1-2012 0:45:09.800;36,8;33,1;42,5;41,1;40,5;35,7;31,8;40,2;38,7;43,7;43,1;41,5;42,7;39,6;37,9;41;46,7;50,3;48,6;46,8;50,4;58,5;58,5;59,7;60,1;60,1;57,4;67,2;62,2;60,4;56,9;69,8;68,1;71,8;1
100;1-1-2012 0:45:10.000;38,7;32,7;42,7;46,3;41,7;36,6;31;39;40,2;42,7;43,4;41,6;41,7;38,9;38,9;40,5;46,6;49,7;48,2;44,4;49,9;60,1;58,3;60,6;67,3;73,6;59,2;76,8;75;63,2;60,9;78,5;76,7;80,6;1
101;1-1-2012 0:45:10.200;36,3;34,7;46,7;46,9;41,5;36,4;30,2;39,5;40,1;40,7;41,5;43,2;42,1;39,2;38,1;40,1;46,2;49,1;48,1;42,7;49,9;63,1;60,8;62,3;70,1;77,9;61;79,4;77,6;65,3;64,3;81,7;79,8;83,5;1
102;1-1-2012 0:45:10.400;35,7;38,3;47,7;43;39,8;37,4;29,4;40;39,3;39,8;41,5;39,8;41,2;39,5;38,4;40,5;45;49,3;49;43,4;49,1;67,8;67,2;66,2;75,4;84,4;72,2;83,3;83;70,6;69,2;87,5;85,6;88,9;1
103;1-1-2012 0:45:10.600;34;40,6;45,8;38,8;38,6;39;31,4;38,4;39,6;43,9;41,8;41,5;41;38,4;38;39,3;45,3;49,3;48,5;43,2;48,6;67,1;66,5;65,3;75,1;82,6;72,1;84,5;83,6;70,4;68,5;86,9;85;88,8;1
104;1-1-2012 0:45:10.800;35;37,5;40,8;38,3;40,8;37,1;31,1;41,4;39,5;44;42,1;42,3;41,7;39;39,4;40,2;45,7;49,9;48,2;43,3;49,4;64;63,8;65,8;75;81,7;67,3;85,1;83,5;69,9;67,5;86,6;84,7;88,7;1
105;1-1-2012 0:45:11.000;35,3;36,5;43,4;35,4;36,8;35,2;32,6;40,4;37,4;43,9;42,8;42,1;42,9;40;38,6;40,3;45,4;50,1;48,6;42,9;48,5;63,5;64;64,8;73,3;80;65,9;85,3;83,5;69,2;66,9;86;84,1;88,4;1
106;1-1-2012 0:45:11.200;36,1;40,3;45,5;38,8;43,4;36,4;31,1;38;38,8;44,1;42,3;41,3;41,8;39,4;38,7;40,3;45,6;49,7;48,4;43,1;48;64,1;64,4;64,1;73,6;80,5;65;85,3;83,4;69,8;67,8;86,1;84,2;88,4;1
107;1-1-2012 0:45:11.400;33,6;40,6;41,5;39,4;41,8;33,9;29,8;39,7;38,8;42,9;41,3;42,3;41,1;40,1;39,3;40;45,6;49,9;48,4;42,8;48,5;63,6;65,5;65;72,3;79,5;69,1;84,2;82,4;69,7;67;85,1;83,2;87,4;1
108;1-1-2012 0:45:11.600;34;36,3;39,5;45,1;42,4;35,1;31;39,1;40,9;41,2;42,4;41,1;41,4;38,2;38;40,3;45,4;49;48,3;42,6;47,9;65,3;70,6;65,7;69,3;74,8;73,5;80,6;82,4;70,9;67,1;83,3;81,4;85,8;1
109;1-1-2012 0:45:11.800;36,2;39,1;34,9;42,8;41,9;35,3;29,4;40,9;40,8;42,7;43,1;42,6;41;37,7;37,4;39,8;45,5;49,6;48,5;43,2;48,8;65,1;70,1;65,9;69,5;74,5;74,3;80;81,4;70,6;67,6;82,8;81;85,2;1
110;1-1-2012 0:45:12.000;39,8;35,4;36,6;40,6;43;37,7;30,4;41,9;39,3;44,2;42,7;41,2;41,5;40,1;38,6;40;46,3;49,5;48,1;42,5;49;65,3;71,2;65,7;67,9;76,7;73,6;79,3;79,1;70,2;69,5;82,5;80,6;84,4;1
111;1-1-2012 0:45:12.200;42,4;34,6;39,7;44,1;42,2;38,5;33,1;41,7;42,3;44;42,6;39,7;39,6;39,4;38,5;40,3;46,5;50;48,7;43,6;49,5;67,5;79,1;65,6;69,1;75,1;76;79,8;80,2;70;69,1;84,6;82,8;85,9;1
112;1-1-2012 0:45:12.400;41,7;35,3;40,5;42,9;41,8;37,2;31,9;42,3;42,7;44,6;41,6;42;39,8;40,3;38,2;39,5;46,8;50,2;48,7;43,9;49,8;65,8;76,7;65;67,4;73,5;76,7;77,7;78,6;68,7;67,6;83;81,2;84,4;1
113;1-1-2012 0:45:12.600;39;35,8;42,5;43,3;40,3;36,9;31,7;40,9;42,8;43,9;41,3;41,6;39,9;39,9;38,6;39;47,3;50,3;49,3;42,9;48,9;64,3;77,3;64,3;65,3;71;75;74,9;78,9;68,1;66,1;82,3;80,5;83,5;1
114;1-1-2012 0:45:12.800;38,1;35,6;43,6;39,9;41,7;37,9;32,9;43,7;41;44,1;41,2;41,2;41,2;39,6;39,4;38,7;46,7;49,8;49;42,5;47,6;64,2;75;64,7;66,9;73;75,2;78,1;82,1;69,2;65,9;83,1;81,2;85,3;1
115;1-1-2012 0:45:13.000;38;34,7;46,4;43,2;42,4;37,2;31,1;40,7;39,4;45,5;41,1;41,2;43,6;39,4;40,2;40,1;45,3;50,3;49,2;43;47,3;64,3;75;63,3;64,5;69;72,3;73,6;79;67,6;64,4;80,8;79;82,9;1
116;1-1-2012 0:45:13.200;39,3;37,1;43,9;41,3;44;36,6;30,3;39,4;41,2;44,7;42,5;41,9;42,5;40,9;38,9;38,4;45,9;49,6;48,6;43,7;47,9;65,8;78,9;62,9;63,4;67,4;71,8;72,4;77,3;66,9;64,8;82,1;80,3;83;1
117;1-1-2012 0:45:13.400;41,8;36,5;39,9;41,4;44,7;36,8;29,1;41,4;42,6;44,1;43,9;42;41,5;39,5;38,5;39,9;45,7;49,4;48,2;42,8;48,7;63,2;73,4;63,1;63,5;66,7;72;73,4;78,5;67,3;63,5;79,7;77,9;81,9;1
118;1-1-2012 0:45:13.600;39,9;37,4;35,5;38;44,6;37,5;32,7;40,2;40,2;42,9;43,3;42,1;42,3;39,5;39,9;41,3;46;49,5;48,2;43,5;49,1;65;72,6;65,7;66,2;70,1;77,6;75,2;79,5;70,5;66,3;81,8;79,9;83,7;1
119;1-1-2012 0:45:13.800;35,5;39;38,8;40,2;45,4;38,3;31,5;39,8;40,7;45,1;43,5;42,8;43,6;39,6;40,7;41,2;46,2;50,4;48,6;43,1;50,2;67,1;74,9;67,5;67,8;74,5;78;79,2;81,6;72,3;68,6;84;82,2;86;1
120;1-1-2012 0:45:14.000;35,8;38,5;39,3;43,9;45,2;39,1;31;42,3;43,4;42,2;42,8;42,8;42,8;41,6;38,8;40;45,8;50,1;48,1;44,1;49,9;70,1;77,2;69,9;68,9;75,1;78,8;80,7;82;73,3;69,2;85,2;83,3;86,9;1
121;1-1-2012 0:45:14.200;36,6;39,5;42,8;45,5;44,2;37,3;31,7;42,3;40;42,9;43,8;42,7;42,3;39,7;39,2;40,3;45,9;49,9;48,2;44,3;50,2;67,6;75,7;67,5;68,2;74,2;77,9;81,1;81,4;72,4;68,4;84,3;82,5;86,3;1
122;1-1-2012 0:45:14.400;36,8;38,8;41,7;42,7;42,4;34,7;33,8;41,5;38,7;44,5;43,2;39,9;42,4;39,6;38,3;41;45,8;49,6;48,5;43,9;48,5;64,2;72,9;65,2;65,4;69,6;76,2;76,4;79;70,1;65,6;81,3;79,5;83,3;1
123;1-1-2012 0:45:14.600;34,3;35,6;38,8;43;39,6;32,8;30,7;40,3;39,4;43,5;42,2;41,8;41,7;41;39,7;39,7;45,7;49,1;48,2;43,3;49,2;63;78,4;63,8;63,4;67,5;74,6;73;76,1;68,1;65,7;82;80,2;82,6;1
124;1-1-2012 0:45:14.800;34,7;36,8;45,6;42,2;40,8;36,5;30,8;40,8;41,4;41,8;41,5;39,9;41;39,7;38,6;40,1;45,8;49;48,2;43,7;49,6;67,4;81,8;64,1;72,9;78,4;71,3;80,5;80,9;69,1;68,9;86,5;84,7;87,2;1
125;1-1-2012 0:45:15.000;41,7;34,5;44,5;41,6;41;36,2;30,2;42,4;41,6;41;41,8;41,3;40,8;38,9;38,6;38,8;45,3;49;48;44;48;68;76,5;64,9;79,8;85,6;68,8;85;85,6;72;71,2;89,5;87,6;90,9;1
126;1-1-2012 0:45:15.200;41,1;33,2;43,9;43,1;40,4;36,7;30,5;42,4;41,1;43,7;40,8;40,7;41,1;38,8;38,2;38,9;45,7;49,3;48;44,5;48,9;64,9;73,2;64,1;74,1;80,1;71,4;82,7;83,2;70,7;69,1;85,6;83,7;87,6;1
127;1-1-2012 0:45:15.400;40,7;35,6;40,7;43;43;34,9;30,8;41,8;39,7;43;40,9;40,3;40,3;39,2;38,8;38,3;46;48,7;47,3;44,3;49;64,5;77,9;62,6;69;75,3;71,1;79;79,9;69,2;67,1;83,5;81,7;85;1
128;1-1-2012 0:45:15.600;37,5;39,2;39,4;40,6;44,4;38,3;31,2;41,6;40,3;44,1;42,9;40,6;39,4;39,1;39,3;39,5;45,7;49,9;48,2;44,2;48,6;65,2;80,3;62,7;64,7;71,2;74,1;75,6;76;67,1;66,7;83,5;81,8;83,8;1
129;1-1-2012 0:45:15.800;36,2;37;47,1;42,2;43,5;37;29,7;41,8;38,5;45,6;43,7;42,3;38,5;38,2;38,9;39,8;46,1;50,2;49;43,7;47,7;65,9;81;62,8;62,8;70,5;76,1;73,8;74,3;66,8;68;84;82,2;83,9;1
130;1-1-2012 0:45:16.000;37,6;34,8;45,9;41,2;42,2;35,7;31,5;41,6;38;44,2;42,9;43;42,5;39;39;39,3;45;50;48,7;43,6;48,6;64,2;79,3;62,8;62,3;68,3;72,5;71,5;74,1;66,6;66,9;82,1;80,4;82,2;1
131;1-1-2012 0:45:16.200;39,5;38,1;44,7;45,5;41,4;39,5;29,6;42,7;39,5;43;42,1;41,2;41,1;40,8;39,9;39,1;45,3;50,4;48,4;43,5;48,5;64,3;80,6;63,4;62,8;68;73,7;72,6;74,9;67,7;67,7;83,2;81,5;83,3;1
132;1-1-2012 0:45:16.400;38,4;36,3;44,2;44,6;39,8;39,6;28,3;42,6;41,8;44,3;42,8;42,3;39,8;40,2;39,8;40,8;45,4;49,5;48,1;42,9;47,5;64,8;80,2;64,1;63,1;68;73,2;73,6;76;69,5;68;83;81,3;83,4;1
133;1-1-2012 0:45:16.600;34,1;39;41,6;46,3;40,1;36,8;28,8;41,1;41,9;43,6;42,3;41,4;42;39,8;37,4;39,9;45,1;50;48,5;43,5;48,5;64,4;77,2;63,3;62,5;66,6;72,4;72,1;74,7;70,5;66,7;80,7;78,9;81,5;1
134;1-1-2012 0:45:16.800;32,7;34,9;38,5;46,3;42,3;35,1;30,5;39;39,4;42,3;41,1;42,1;41,6;39,9;38,9;39,2;45,9;50;48,8;43,4;49,1;63;71,3;62,4;61,4;64,1;67,6;68,5;71;68,3;63,3;76,2;74,4;77,6;1
135;1-1-2012 0:45:17.000;35,9;33,2;42,5;49,3;43,2;35,8;31,7;38,6;37,9;40,4;41,5;41,9;40,8;40,5;38,4;38,3;45,2;50,4;48,7;43,4;48,7;63,2;68,2;60,8;61,2;63,3;63,9;66,4;68,1;65,9;61,7;73,9;72,2;75,2;1
136;1-1-2012 0:45:17.200;38,5;34,5;48,9;51,2;43;35,6;31,5;37,8;38,4;41,9;42;41,8;40,5;39;37,8;38,8;45,8;49,9;48,2;44;48,4;65,7;64,3;62,5;62;63;64,6;66,2;69;68,1;61,7;73,7;72;75,6;1
137;1-1-2012 0:45:17.400;35,1;37,4;47,1;49,1;39,4;35,3;31,4;37,8;41,4;42,7;42,6;42,1;41,3;38,5;38,7;38,6;45,9;49,2;47,9;43,8;48,9;64,7;61,5;61,6;61,2;63;64,8;65;67,4;66,5;60,7;72,6;70,9;74,4;1
138;1-1-2012 0:45:17.600;36,3;36,9;46,3;44,2;38,2;37,2;32,4;39,5;39,5;45,5;41,6;42,3;42,9;39,3;40,8;38,4;46,2;49,8;48,1;44,1;49,3;64,3;63,7;60,8;61,1;63,5;65,2;64,6;70,6;72,2;61,6;73,8;72,1;76,7;1
139;1-1-2012 0:45:17.800;36,8;35,2;43,8;39,2;42,2;38;33,1;40,5;39,7;44,6;41;40,8;42,7;38,7;39,4;39,6;46,2;50,2;48,6;44;49,5;64,7;78;61,4;61,3;67,9;67,2;69,5;71,3;69,3;67,4;80,6;78,9;80,8;1
140;1-1-2012 0:45:18.000;34;38,2;41,5;40,9;42,7;36,6;32,1;39,6;39,2;41,8;42,4;41,1;42,2;40,4;40,7;39,6;44,8;49,7;48,4;44,6;49;63,4;75;60;60,9;66,7;65,1;68,3;69;65,4;65,8;77,9;76,2;78,2;1
141;1-1-2012 0:45:18.200;30,7;38,1;46,5;41,2;40;37,7;32,8;38,9;38,1;42,8;40,5;40,3;40,1;39,2;41,4;40;45;49,6;48,3;44,1;49,4;61,9;70,1;59,4;60,9;66,2;68,3;67,5;69,9;66,2;64,2;75,6;73,9;76,8;1
142;1-1-2012 0:45:18.400;33;36,4;41,4;38,9;40,6;36,2;30;39,8;37;43,7;41,4;41,1;40,7;39,5;39,9;41,2;45,1;50,1;48,6;43,2;49,1;61,5;78,4;62,2;60,9;66,4;66,4;71,5;71,7;66,4;67,2;80,9;79,2;80,9;1
143;1-1-2012 0:45:18.600;33,5;34,5;43,6;38,7;40,6;35,4;29,5;39,7;35,9;43;43,2;42,2;40,3;39,2;39,2;40,6;45,4;49,9;49;42,5;48,9;63,1;80,8;70,5;62,5;72,1;68,3;74,1;73,6;67,3;69,2;83,5;81,8;83,4;1
144;1-1-2012 0:45:18.800;31,8;35,3;47,9;38,1;43,1;35,4;30,6;41;40,5;44,3;42;41,4;41,5;38,8;39,8;40,6;45,7;49,6;49,2;43;49,5;62,4;78,7;69,7;62,3;70,4;69,2;75,6;74,3;68;69,2;82,1;80,4;82,6;1
145;1-1-2012 0:45:19.000;32,9;34;43,3;41,3;40,7;37,7;29;40,6;39,8;44,3;39,8;40,8;41,5;40,1;39,2;40,9;45,1;49,5;48,3;42,6;50,2;61;73,4;66,8;60,7;66,5;65,5;70;70;66;65,1;77,4;75,7;78;1
146;1-1-2012 0:45:19.200;33,3;32,4;44,5;41,6;41,2;35,8;31,1;40,4;39,6;44,7;42,4;41;40,6;40,7;38,7;39,6;45,1;49,2;48,2;43,1;50,2;64;69,2;72,9;61,5;63,6;68,5;67,9;72,5;68,9;65,4;77,8;76;78,8;1
147;1-1-2012 0:45:19.400;36,2;34,2;43,7;40;43,3;34,1;31,7;37,5;37,9;44,5;42,5;42,2;41,2;40,1;38,4;39,5;46,1;49,4;49,2;43,7;48,6;63,5;73,6;75,6;62,7;63,9;70;70,8;73,3;70,2;69,6;80,3;78,6;81,1;1
148;1-1-2012 0:45:19.600;36,9;34,2;44,5;43,6;42;35,1;32,8;38,6;36,1;43;43,3;40,4;41,1;39,5;38,6;39,4;45,8;49,4;48,9;43,5;47,7;60,7;72,1;71,1;61,7;63,3;74,1;70,2;73,6;69,7;70,7;79;77,2;80,6;1
149;1-1-2012 0:45:19.800;35,6;36,8;46,8;44,2;41,3;36,5;32,9;39,5;35,5;40,9;43,2;41,1;41;40;39,2;39,4;45,1;48,8;48,4;43,1;47,4;64,3;73,5;68,6;61,6;63,5;70,7;69,7;71,2;67,3;67,9;78,2;76,5;79,1;1
150;1-1-2012 0:45:20.000;37,1;40,2;43,3;40,9;42,8;34,4;31,8;40,1;37,4;41,7;43,4;42,1;40,7;39,2;39,7;40,3;45,8;48,5;47,9;43;47,4;61,2;71,7;69,7;61;64,2;69,6;69;71,6;69,8;67,6;77,5;75,7;79;1
151;1-1-2012 0:45:20.200;36;37;44;36,7;38,8;35,3;29,1;40,3;37,8;41,9;42,3;42,6;40,7;38,9;40,1;39,7;45,9;49,6;48,6;43,5;48,2;59,5;70,1;68,9;62;64;78,1;69,7;75,1;69,1;72,8;80;78,1;82;1
152;1-1-2012 0:45:20.400;37,8;34,9;40,2;35,1;40,7;35,5;30,2;38,6;38;41,7;42,5;42,4;41,4;38,9;40,3;40,1;46,1;50;48,7;43,2;49,3;59;74,1;68,7;61,5;63;76,7;71;74,3;69;71,8;80,2;78,4;81,7;1
153;1-1-2012 0:45:20.600;36;36,7;43,4;38,2;42,7;37;33,9;39,4;41,2;42,1;41,5;41,4;42,5;39,8;40,6;39,4;46,2;50;48,7;43,2;49,3;59,3;76,7;68,4;61,8;63,2;72,1;71,7;73,7;67,6;69,4;80,3;78,5;81,3;1
154;1-1-2012 0:45:20.800;38,3;34,5;45,8;46,2;40,6;39,5;38,1;42,7;42,4;43,4;43,7;42,5;42,1;40,9;39,6;39,1;45,5;49,5;48,6;43,1;49;59,7;78;69,1;62,5;63,6;70,1;73,8;75,8;68,5;69,7;81,3;79,6;82,5;1
155;1-1-2012 0:45:21.000;39,4;39,3;50,5;48,4;38,6;37;36,4;38,4;39,2;42,3;40,3;42,6;41,4;40,3;38,6;39,2;45,1;50;48,5;42,7;49,4;59,9;78,3;69,8;62,5;64,1;69,8;74,5;75,4;68,8;70,3;81,6;79,8;82,6;1
156;1-1-2012 0:45:21.200;39,3;36,5;47,4;44,3;40,6;35,1;32,8;37,4;36;41,6;41,9;42;41,1;38,3;39,4;39,6;44,4;50,5;48,4;42,8;50,4;59,7;76,7;71,8;64,2;64,5;74,1;75,2;77,7;70,8;72,7;81,7;80;83,4;1
157;1-1-2012 0:45:21.400;34,5;36,8;48,3;43,7;42,8;38,6;32,4;38,8;41,4;44,8;41,1;41,7;41,6;39,2;39,5;39,6;44,5;49,3;47,4;43,8;50,5;62,1;75,1;74,6;68,4;69,8;76,1;81,3;80,7;75,1;76;84;82,2;86,4;1
158;1-1-2012 0:45:21.600;33,9;37;45,5;40,4;42,5;38;30,2;41;40,6;43,6;39,7;40,4;41;40,9;40,1;40,2;45,2;49,3;47,9;43,9;51;61,6;72,7;73,9;68,6;71;75,6;81,9;80,4;75;75,6;83,8;81,9;86,3;1
159;1-1-2012 0:45:21.800;36,5;32,7;43;44,3;40,8;37,6;28,9;39,8;38,3;43,9;42,7;40,9;41,1;39,1;39,8;39,7;44,9;48,9;48,2;45,9;50,4;62,2;72;74,5;68,8;71,7;74,5;81,9;80;74,5;75,3;83,6;81,7;86;1
160;1-1-2012 0:45:22.000;33,9;35,4;41,6;41,2;43,3;35,1;29,3;37,5;38,4;42,1;42,2;42;40,6;41,1;39,6;40;45,1;49,3;48,6;45,3;50,5;60,2;67;69,6;64,5;67,4;68,6;77,1;74,9;69,5;69,8;78,7;76,8;81;1
161;1-1-2012 0:45:22.200;36,8;37,5;43,4;45,2;41,2;35,7;30,1;37,1;39,3;43,5;42,6;41,7;41,8;39,9;37,9;40,3;45,2;49,2;48,1;43,6;50,5;60;61,3;64,1;61,5;63,5;62,8;71,5;68,8;64,6;63,6;73,5;71,7;75,8;1
162;1-1-2012 0:45:22.400;39,9;37,8;43,2;43;39,9;36,9;30,1;39,3;40,2;41,9;41,1;41;40,1;40,5;38,7;39,2;45,4;49;47,8;43,5;49,8;61,3;57,8;60,5;60,4;62,6;59,3;68,3;64,6;62,1;59,3;71,1;69,4;73;1
163;1-1-2012 0:45:22.600;43,7;38,8;41;43,7;41,1;34,8;26,5;42,1;39,2;44;42;41,1;41,2;41,1;40,6;39,3;45,6;48,9;47,9;44,5;50,3;60,6;57,8;62,6;68,3;69,8;59;76,5;72,5;62,8;60,3;77,1;75,2;79,2;1
164;1-1-2012 0:45:22.800;41,2;39,4;41,1;40,9;41,9;32,8;31,9;41,3;38;44,9;39,9;40,1;40,9;39,8;40,7;39,6;45,9;48,8;48;45,6;51,4;69,5;68,7;68,7;73,9;77,9;65,9;82,6;80,1;70;70;84,1;82,2;86,1;1
165;1-1-2012 0:45:23.000;36,1;35;47,6;42,9;39,9;34,4;30,1;42,1;39,4;42,7;40,1;40,6;40,7;39,4;40,5;40,1;45,9;49;48,7;44,8;50,8;67,8;67,9;67,2;72,7;77,7;65,9;85,3;82,8;70,9;70,2;85,4;83,5;88;1
166;1-1-2012 0:45:23.200;35,4;31,3;46,5;41,3;41,1;37,3;32,1;40,8;39,2;44,2;41,6;42,1;39,9;38,9;39,8;38,9;45,2;49,1;48,6;43,4;49,9;64,1;70;65,7;70,2;75,9;66,9;83,9;82,2;69,9;68,3;84,2;82,3;86,8;1
167;1-1-2012 0:45:23.400;34,5;35;44,7;45;38,6;38,7;30,5;39,9;38,5;43;41,2;41,1;39,4;39,3;38,3;38,7;46;49;48,7;43,8;49;64;78,7;67,7;70,8;73;74,2;80,2;80,4;71,3;68,5;84,2;82,4;85,7;1
168;1-1-2012 0:45:23.600;37,4;32,6;46;43,8;43,3;37,9;29,5;39,1;39,4;39,5;40,7;41,1;39,4;38,5;37,8;40,2;45,3;49,4;48,6;43,7;48,8;62,6;74,5;67,7;68,8;70,8;74,2;76,7;79,4;71,7;67,5;81,7;79,9;83,6;1
169;1-1-2012 0:45:23.800;33,7;27,6;43,4;43,5;44,1;40,4;30,6;39,3;37,8;43,2;40,4;42,7;41,3;40,6;39,6;38,8;45,1;49,3;48,5;44,7;49,4;65,4;72,6;69,1;71,5;81,6;81,5;78,1;80,3;76,1;70,1;85,9;84;87,3;1
170;1-1-2012 0:45:24.000;37,2;34,5;43,8;43,8;42,9;39,1;29,5;40;39,7;45,3;41;42,5;41,5;40;39,2;39,5;45,4;49,8;48,2;42,7;49,2;62,9;71;68,3;68,8;77,1;77,5;75,7;79,3;72,8;67,8;82,7;80,9;84,5;1
171;1-1-2012 0:45:24.200;37,1;37,7;43,3;42;39,6;37;29,5;39,9;38,4;44,2;40,7;41,2;39,8;40,2;40,5;39,8;45,6;49,4;48,3;45,1;49,4;65,9;73,1;70,4;73,2;80,7;78,7;82,7;83,1;75;72,1;86,3;84,4;88,3;1
172;1-1-2012 0:45:24.400;35;33,6;44,7;41,1;39,8;35,2;31,2;39,6;36,8;41,6;41,3;42,8;40,7;39,3;40,2;39,8;45,2;49,6;49;45,4;49,5;67,1;73,4;71,1;72,1;80,9;76,8;82,2;82,1;74,6;73,8;85,8;84;87,7;1
173;1-1-2012 0:45:24.600;40,9;32,9;45,4;39,1;41,1;34,7;29;40,7;37,6;39,5;40,5;42;40,2;38,9;38,2;39,3;45;50,3;49;45,9;50,1;67,6;72,3;71,5;73,8;82,7;76,4;84,9;83,4;75,6;74,5;87,3;85,4;89,3;1
174;1-1-2012 0:45:24.800;41,7;34;43,2;38,1;41,2;33;31,4;39,8;38,2;43,2;40,7;40,8;42,1;39,3;38,4;39,5;45,9;49,7;48,5;45;50,1;67,2;70,9;70,1;75,6;83;74,5;86,9;85;74,4;74,3;88,2;86,4;90,5;1
175;1-1-2012 0:45:25.000;38,4;33,8;41,5;41,8;41;31,5;30,2;36,9;36,7;44,5;43,1;42,8;40,4;40,1;39,5;40,2;46,1;49,7;48,2;44;50;65,1;68,2;67,5;75,4;82;72,6;85,4;84,3;73,4;72,4;87,2;85,3;89,4;1
176;1-1-2012 0:45:25.200;38,9;35,5;45,6;40,5;41,3;37,9;30,8;41,3;36,2;42,9;43,4;43,1;41,1;39,9;38,7;40,3;45,9;49,2;47,7;43,5;49,4;61,1;65,6;64,6;71;77,6;69,6;82,5;81,9;70,3;69,2;83,8;81,9;86,3;1
177;1-1-2012 0:45:25.400;39,5;33,3;46,4;39,7;41,2;39,1;29,6;39,3;38,6;42,6;42,9;41,7;39,9;41;39,6;38,9;46,1;49,8;48,2;45,1;50,8;69,2;71,2;68,5;75,2;81,5;71,4;83,5;82,7;73;72,7;86,2;84,4;88,1;1
178;1-1-2012 0:45:25.600;36,7;37,7;41,8;38,7;42;36,6;31,3;39,8;38,3;47,2;42,6;40,3;39,2;40,7;39,2;38,8;45,9;49,5;47,8;44;51,2;67,4;68,8;67,8;73,8;80,2;68,4;85,1;84,3;72;71,5;86,4;84,5;88,8;1
179;1-1-2012 0:45:25.800;35,2;34,6;42,1;40,4;41,4;36,4;31,4;39,2;37,1;45,4;42,3;40,1;42,2;40,1;39;39,1;46,1;49,6;48,5;43,8;50,1;64,9;64,5;65,6;71,2;77,5;64,2;82,2;81,4;69,5;68,8;83,5;81,6;85,9;1
180;1-1-2012 0:45:26.000;35,6;34,7;45;42,1;42,5;39,7;30,8;40,6;39,9;43,3;40;42,6;42,7;38,8;38,6;38,6;45,6;49,4;48,4;43,3;50,2;65;64,4;65;72,5;77,2;63,4;81,6;80,2;68,3;68,3;83;81,2;85,2;1
181;1-1-2012 0:45:26.200;38,4;36,4;43,5;42,2;40,7;38,8;27,4;40,6;40,2;41,7;41,9;42,3;41,6;38,2;38,9;40,2;45,7;49,7;48,3;43,2;49;64,7;64,9;64,4;71,5;76,3;67,3;81,3;80,9;68,1;68;82,8;81;85,3;1
182;1-1-2012 0:45:26.400;37,9;31,4;39,2;38,9;42,7;40,1;29,2;39;39,6;43,4;41,4;41,2;39,2;40,2;39,5;40,5;45,3;49,8;48,7;43,6;48,6;63,6;70,1;64,9;67,6;72,2;71,7;77;79,1;69,3;68,5;80,6;78,7;83;1
183;1-1-2012 0:45:26.600;40,8;32;41,1;38,6;43,4;39,4;30,3;38,6;37,4;43;41,9;40,7;40,6;39,7;40,3;39,9;45,6;48,9;47,7;43,5;49,3;62;66,7;66,1;69,7;75,8;69;80,6;80,7;69,4;68,9;82,5;80,6;85;1
184;1-1-2012 0:45:26.800;40,5;36,7;43,1;38,9;44,3;38,8;30,7;39;36,6;40,3;42,1;39,7;40,7;41,4;39,5;41,6;45,2;49,1;47,6;43,3;49,5;64;66,5;67,5;73,3;83,2;69,5;83,8;83,8;71,7;71,7;86,8;84,9;88,8;1
185;1-1-2012 0:45:27.000;36,8;36,2;43,3;38,8;44,7;37,3;31,2;40;39,5;40,6;44,6;40,3;39,9;40;40;41;45,6;49,5;48,1;43,6;49,9;62,6;63,1;65,4;70,5;81;65,7;81,2;80,6;69,7;69,4;84,3;82,4;86,1;1
186;1-1-2012 0:45:27.200;32;36,3;41;38,2;44,2;35,5;29,6;40,3;39,9;41,7;44;40,2;40,7;40,6;39,2;39,7;45,5;49,3;48,3;43,2;49,7;62,9;77,1;62,6;66,1;75;65;77;76,7;66,1;66,1;81,9;80,2;82,9;1
187;1-1-2012 0:45:27.400;35,1;37,1;40,5;39,7;43,1;35,8;30,5;38,5;40,5;43,3;42,9;40,5;41;39,9;38,2;39,6;45;49,8;48,7;43,4;49,4;63,2;77;64,6;66,1;70,6;70,4;74,2;78,4;67,4;67,2;81,5;79,7;82,7;1
188;1-1-2012 0:45:27.600;34,5;38,7;40,6;41,7;41,3;32,4;29,6;38,2;40,4;43;43,7;39,9;41,5;39,1;39,5;38,8;45,7;49,1;48,1;42,7;48,9;66,2;79,3;63,4;63,8;67,9;68,3;70,8;78,6;65,5;65,1;82,3;80,6;82,9;1
189;1-1-2012 0:45:27.800;38,7;37,4;44,6;43,5;45,7;37,5;30;40,2;40;44,6;42,3;41,1;40,7;39,4;38,2;39,5;46,1;48,9;47,8;43,2;48,8;66,7;79,7;63,6;64;67,5;68,6;70,4;79,6;67,7;66,1;82,8;81,1;83,6;1
190;1-1-2012 0:45:28.000;36;33,8;41,7;41,9;45;35,7;29,7;39;39,6;44,6;42;40,5;41;39,6;39,7;39;45,5;48,4;47,6;43,1;48,5;68,7;78,4;63,4;63,9;68,5;67,9;71,5;76,8;67,2;66,5;81,7;79,9;82,2;1
191;1-1-2012 0:45:28.200;40,2;35,1;42;43;42,6;36,8;30,5;41,4;40,3;44,9;41,8;40,4;42;40;39,7;39,2;45,4;48,2;47,7;43,9;49,7;65,8;79,1;66;66,8;70,3;74;73,4;78,4;68,8;68,8;82,9;81,1;83,7;1
192;1-1-2012 0:45:28.400;39,8;40,7;41,3;41,7;42,3;37,6;31,7;40,7;37,8;42;43,1;41,6;41;39,8;40,2;38,7;45,3;48,4;47,6;43,5;49,8;67,5;81,8;65,2;65,2;68,1;71,7;70,6;76,5;66,8;67,2;84,2;82,5;84;1
193;1-1-2012 0:45:28.600;40;38,6;47,5;45,8;44,1;35,4;30,7;39,8;36,3;44,3;42,3;41,6;42,4;40;38,5;39,5;45,4;48,4;47,7;43,9;50;67,9;83;64,6;63,3;67,6;69;69,8;75,4;67,2;68,2;84,9;83,2;84,5;1
194;1-1-2012 0:45:28.800;40,3;37,7;49,4;41,5;41,9;34,4;32,2;38,3;40;43,8;42,5;42,9;41,6;39,5;37,6;40,2;45,1;48,9;47,5;43,5;51,1;69,5;83,6;66,4;64,5;69,8;70;72;75,2;68,1;70;85,7;84;85,2;1
195;1-1-2012 0:45:29.000;37;37,8;43,2;41,5;41,4;33,7;30,2;38,8;39,4;43,4;41,2;40,9;41,4;39;39,7;40,2;45,6;49,2;48;43,5;50;72,8;80,8;65,7;64,3;68,3;68,8;70;73,8;68,5;68,2;83,5;81,9;83,2;1
196;1-1-2012 0:45:29.200;37,6;35,9;37,5;42,4;41,8;35,1;29,6;39,2;37,6;43,9;42,3;41,8;40,5;39,1;39,9;39,3;45,3;49,8;48,5;43,6;50,5;69,1;79,7;64,1;63,4;68,7;68,9;70,4;75,2;66,6;68,7;82,4;80,7;82,5;1
197;1-1-2012 0:45:29.400;33,6;37,7;44,8;41,7;41,9;37,1;29,4;39,6;39,4;43,3;40,9;41,4;40,6;39,7;39,8;39,5;45,8;49,3;48,3;43;50;66,5;77,6;63,5;63,4;66,6;68,9;68,9;77,2;67,7;66,6;80,9;79,1;81,7;1
198;1-1-2012 0:45:29.600;36;35,2;46,7;42,4;41,6;34,8;29,3;37,9;39,4;42,7;41,8;40,8;40,3;39,3;37,8;41,1;45,6;49,3;48;42,9;50,5;67;78,5;64,2;63,4;67,5;69,5;69,9;78,4;69;67,8;81,8;80,1;82,7;1
199;1-1-2012 0:45:29.800;38,6;39,4;44,8;38,6;42,9;34,8;26,3;39,7;38,5;41,1;41,6;40,3;42,6;40,3;38,2;39,7;45,4;49,4;48;43,1;50,4;65,9;77,2;63,8;62,9;65,2;68,2;68;76,5;68,5;66;80,4;78,6;81,3;1
200;1-1-2012 0:45:30.000;34,9;40,2;45,6;38,7;42,3;33,2;26,4;41;37,8;43,2;41,5;41,1;42,7;39,8;37,3;38,9;45,2;48,7;48,1;43,3;50;65;71,8;62,6;63,3;63,5;68,6;66,1;74,6;71,1;62,9;77,1;75,4;79;1
201;1-1-2012 0:45:30.200;39,8;38;48;40,8;43,1;33,8;29,1;38,9;37,7;46;42,2;40,6;40,3;39;37,8;39;45,7;48,9;48,1;43,7;48,4;68;69,2;63,1;64,5;64,1;73,3;68;78;71,7;64,9;78,6;76,8;81,1;1
202;1-1-2012 0:45:30.400;42,1;35,6;45,4;42,5;40,8;34,8;27,2;38;39,3;43,8;43,1;41;41,1;40,2;38,3;38,4;46;48,7;47,8;43,7;49,6;68;73,3;64,1;64,7;64,2;73,6;68,8;79,5;72,5;65,9;80,1;78,3;82,4;1
203;1-1-2012 0:45:30.600;38,9;31,2;42,2;41,6;41,4;32,2;30,4;38,8;38,1;45,5;43,4;42,6;40,9;39,9;38,1;38,8;46,2;48,5;47,8;43,7;49,5;67;76,1;64,8;64;64,7;71,1;67,8;76,9;71,5;65,3;80,1;78,4;81,4;1
204;1-1-2012 0:45:30.800;36,4;38,5;41,9;41,8;43,3;35,7;30,8;40,4;41,8;45,4;41,8;40,8;41,4;39,1;38,3;39,7;46,6;49,1;47,8;43,4;50,5;66,4;78,1;64,8;63,7;65,8;69,5;68,1;75,9;68,5;66,6;81,1;79,3;81,6;1
205;1-1-2012 0:45:31.000;36,7;38,5;41,9;37,4;40,6;39,2;30,5;38,9;39,8;44,8;43,8;42,8;40,5;38,9;38,7;39;46,5;48,7;47,3;42,8;49,7;66,8;74,4;63,6;62,2;64,4;65,8;65,9;72,8;67,8;63,9;78;76,3;78,7;1
206;1-1-2012 0:45:31.200;38,1;33,8;44,8;34,4;39,9;39,2;30,8;40,1;38,1;44,2;42,3;41,3;40,7;39,7;40;39,1;44,9;49,3;48,3;43,3;48,8;74;68,2;65;63;63,4;63,1;63,3;68,5;67,6;60,5;77,5;75,9;77,5;1
207;1-1-2012 0:45:31.400;39,8;33;41;38,1;40,5;37,6;32,1;39,9;40,9;45,1;44;41;40,6;40,3;39,4;39,1;45,5;48,8;47,6;43,4;49,6;75,4;68,5;65,4;63;62,8;61,8;62,3;69,8;64,7;58,7;78,4;76,7;78,1;1
208;1-1-2012 0:45:31.600;40,4;37,3;40;38,5;43,1;36;31,6;38,5;37,4;43,5;43,2;39,7;41,7;38,7;39,6;39,3;45,4;48,5;47,3;42,7;49,7;73;69;65,4;62,2;62,4;60,2;61,7;67,2;61,3;58,5;76,7;75,1;76,4;1
209;1-1-2012 0:45:31.800;39,7;39;40,5;39,5;42,2;34,8;31;37,1;35,4;45,6;42,7;39,5;41,6;38,6;38,6;38,6;45,7;48,6;47,7;42,9;49,2;70,1;67;63,6;61,7;62,5;59,7;61,6;67,3;62;58,4;74,7;73;74,8;1
210;1-1-2012 0:45:32.000;36,9;34;40,1;41,9;40,8;34,3;31,9;35,7;34,5;45,5;43,5;41;41;39,7;38,5;39,2;45,3;49,3;48,1;43,8;50,5;66,2;71,1;63,6;60,8;62,4;59,7;62,5;66,8;60,9;59,4;75,1;73,5;75,3;1
211;1-1-2012 0:45:32.200;39,6;32;42,5;40,7;43,3;37,5;31,3;39,4;39;46,3;45,9;41,2;40,6;38,9;37,8;40;46,2;49,8;48,5;44,6;51;63,5;72,1;62,8;60,7;62,7;59,9;63,8;67,2;61,7;61,1;75,3;73,6;75,5;1
212;1-1-2012 0:45:32.400;43,7;36,9;42;43,6;42,2;36,9;32,6;40,9;39,6;43,5;42,6;40,9;41,2;38;38,6;39,4;45,9;50,5;49,2;44;49;63,1;80,7;64,1;61;69,6;63,2;68,7;70;64;65,1;82,7;81;82;1
213;1-1-2012 0:45:32.600;46,5;35,5;43,8;42,3;45;39,4;31,8;39,4;40,3;43,6;41,7;40,8;42,7;39,7;39,1;39,1;45,5;50,6;49,5;44,5;49,3;61,5;79;63,8;60,7;67,6;64;66,8;70,7;63,5;63,9;81,1;79,4;80,6;1
214;1-1-2012 0:45:32.800;45,7;34;43;40;43,9;37,2;28,5;39,1;38,6;43,2;43,9;42,9;40,6;39;37,9;38,8;46,4;49,7;48,2;43,6;50,4;61,1;75,3;65,4;61;64,4;62,9;64,3;69,1;61,9;61,9;77,9;76,1;77,6;1
215;1-1-2012 0:45:33.000;43,5;37,2;42,3;42,1;44,1;37,2;30,8;37,6;37,8;41,7;43,3;41,8;40,2;38,3;38,1;39,7;46,3;50,3;49,2;44,2;51,5;60,9;69,9;64,8;61,3;62,5;64,2;63,5;68,3;67,4;62,3;74,6;72,9;75,7;1
216;1-1-2012 0:45:33.200;39,4;37;43;38,7;42;35,4;34,8;37,2;38;42,7;43;40,8;40,6;37,6;38,7;38,6;46,1;50,4;49,5;44;51,2;60,5;64,2;64,6;61,2;62,7;67,5;64,6;69,3;71,9;63,7;74;72,2;76,6;1
217;1-1-2012 0:45:33.400;37,1;34,3;42;36,3;44,4;44,7;42,4;40,1;38,6;44,5;41,7;41,6;40,7;38,4;39;39,5;46;50;49;44,1;50,3;71,4;60,3;65,6;64,3;62,1;64,6;63,8;66,5;69,1;63,3;75,8;74,1;76,6;1
218;1-1-2012 0:45:33.600;34,9;31,3;38,7;35,8;45;40,7;37,4;39,9;39,6;43,8;41,2;41,1;40,3;38,5;39,7;39,6;45,4;49,5;48,1;44;51,5;69,9;68,9;65,4;63;62,8;63,1;63,6;67,3;67,8;63,8;75,8;74,1;76,4;1
219;1-1-2012 0:45:33.800;33,5;30,9;43,8;39,2;43;37,6;33,4;38,2;38,2;42,1;42,9;40,7;41;39,2;37,8;39,7;45,7;50,5;48,3;44,1;51,6;73,7;63,7;66,5;63,5;63;66,1;63,4;67,4;67,2;63,6;77,2;75,5;77,4;1
220;1-1-2012 0:45:34.000;31,4;36,3;44,1;38,7;42,4;37,4;30,7;38,5;38,9;43,6;42,4;41,2;40,7;39,8;38,4;39,2;46,2;50,2;48,8;44,1;51;69,3;60;65,9;63,2;62,5;65,6;63,2;67,9;69,8;63,2;74,8;73,1;76,2;1
221;1-1-2012 0:45:34.200;32,6;34,5;43,8;42,8;41,4;34,4;30,3;37,3;38;43;42;40;40,3;39,3;37,8;40;46,1;50,1;48,7;43,6;51,4;67,1;62,1;65,4;62,6;62,2;65,1;63,8;67;68,4;63,3;73,9;72,2;75,4;1
222;1-1-2012 0:45:34.400;33,4;32,6;42,4;41,1;44,5;33,1;30,9;36;37,3;42,7;40,7;41,6;41,3;40,7;39,6;39,9;45,7;49,9;48,6;43,7;51,5;64,4;61,4;64,9;61,8;62,4;65,1;64,1;67,5;70,4;63,5;73,4;71,6;75,6;1
223;1-1-2012 0:45:34.600;34,1;33;39,7;39,2;43,8;34,5;30,7;39,1;38,8;41,9;41,6;41,3;39,1;40;39,4;39,9;45,2;49,4;48,2;43,5;51,5;65,3;64,4;68,9;62,5;63;71;65,7;71;71;64,4;76,1;74,3;78;1
224;1-1-2012 0:45:34.800;37,3;36,7;40,4;38,6;41,1;34,7;30,2;39,9;39,9;42,8;41,8;40,7;39,4;39,2;39,7;39,7;45,4;49,6;48,9;44,1;51,9;64,3;78,8;68,2;63,1;68,4;71,5;71,3;73,3;71,5;67,5;81,8;80;82,1;1
225;1-1-2012 0:45:35.000;37,8;37;46,8;40,2;39,4;37,5;29,5;39,4;40,1;44,1;41,9;39,3;40,4;38,9;39;39,7;45,8;49,6;48,4;44,3;52,9;70,7;72,7;69;63,7;65,2;72,4;68;71,5;71,2;66,6;79,1;77,3;80;1
226;1-1-2012 0:45:35.200;38,2;34,8;44,7;38,7;42,1;36,9;29,4;38;37,8;42,6;42,4;39,5;39,2;39,3;38,5;39,5;45,8;50,3;48,8;42,7;50,4;66,6;69,5;68,5;62,7;63,9;76,1;68,9;75,7;72,5;68,9;79,3;77,4;81,3;1
227;1-1-2012 0:45:35.400;35,3;33,4;46,6;43,2;42,8;37,1;30,5;36,8;39,3;41,8;41,4;41,1;40,4;39,3;39,5;38,6;45,7;50,3;48,8;43,2;50,4;64,4;76,1;67,5;62,9;67,8;74,2;72,5;75,7;71,4;70,6;80,8;79;82,1;1
228;1-1-2012 0:45:35.600;34;29,9;45,6;38,6;43,1;38,1;31,3;39,7;38,5;41,5;42,9;43;40,9;39,2;37,2;39;45;48,8;47,8;44,1;51,7;61,8;76,4;70,7;64,5;66,6;73,1;73,8;76,4;69,5;70,2;81,1;79,4;82,3;1
229;1-1-2012 0:45:35.800;34,9;37,3;40,5;37,1;43,7;36,3;29,7;39,9;40,9;40,4;41,8;40,8;41,5;38,9;38,8;39,3;46,1;48,9;47,7;43,8;52,1;59,6;77,6;69,1;63,8;66,5;72,3;74,5;74,8;68,1;69,3;81,4;79,6;82,1;1
230;1-1-2012 0:45:36.000;38,8;36,9;37,4;38,8;44,5;35,5;28,4;40,6;39,7;40,9;41,6;41,3;42,4;40,6;38,3;39,1;46;49,4;48,3;44,2;51,2;60,8;73,7;71,4;68,7;68,1;74,3;77,1;77,3;70,2;71,4;81,4;79,6;83,2;1
231;1-1-2012 0:45:36.200;42;34,8;43,1;44,5;43,8;33,9;31,6;40,2;39,3;44,8;42;41,3;41,5;40,6;38,4;38,7;45,8;48,7;48,6;44;50,6;62,4;77,7;71,6;67,1;67,3;76,8;76,3;78,3;71,6;72,4;83;81,2;84,4;1
232;1-1-2012 0:45:36.400;42,5;37,5;43,6;44,6;40,7;34,5;29,8;39,2;37,9;45,2;43,6;40,8;41,1;40,1;38,6;39,9;45,5;49,1;48,4;43,9;50,5;67,7;82,5;71,9;70,2;69,4;75,6;79,6;78,7;72,2;74,1;86,1;84,3;86,6;1
233;1-1-2012 0:45:36.600;40,2;37,7;41,8;39,9;39,5;39,3;30,4;37,7;38,1;44,1;43,7;41;40,4;38,5;38,7;39,8;45,4;49,2;48,4;43,6;51,3;65,7;78,2;70,3;72,5;73,9;77,1;81;80,9;73,4;75,8;85;83,2;86,8;1
234;1-1-2012 0:45:36.800;40,8;37,6;40,8;39,6;39,1;37,9;29,9;39,1;38,4;41,4;42,2;40,4;41,6;39,5;38,8;40,6;45,3;49,2;48,1;44,1;51,6;64,7;72,4;68,7;74;72,7;76,2;79,5;80,4;72,6;74,7;83,4;81,6;85,6;1
235;1-1-2012 0:45:37.000;43,2;35,3;41,5;42,4;41,8;36,8;31;37,1;35,5;42,5;40,3;43;40,7;39,7;39,4;40,4;45,7;49,4;48,2;44,3;52,2;63;69,3;70,1;73,5;77;75,9;81;80,3;74;75,4;84;82,1;86,2;1
236;1-1-2012 0:45:37.200;40,5;36,4;40,6;44,6;41,2;35;30,8;37,9;38,3;45,5;40,6;42,8;41,9;39,4;39,2;39,6;45,5;50,2;48,7;44,4;50,5;59,2;63,3;65,6;67,5;70,8;69,6;75,1;74,1;68,5;68,9;78;76,2;80,2;1
237;1-1-2012 0:45:37.400;42,9;35,2;39,9;41,6;41,3;36,4;30,2;39,7;40,3;45,6;41,3;42,4;40,5;39,1;39,5;39,8;44,7;49,9;48,5;43,9;49,4;57,6;59,1;62,4;62,9;65,3;63,7;70,1;68;64,3;63,4;73,1;71,3;75,1;1
238;1-1-2012 0:45:37.600;40,1;33,3;39,6;42,1;44,8;35,9;30,5;40,4;41;43,8;41,9;42,2;41,5;39,8;38,7;39,3;45;49,7;48,3;43,5;49,5;55,9;57;60,1;60,9;61,2;60,3;67,5;63,8;63,7;60,6;70,3;68,6;72,4;1
239;1-1-2012 0:45:37.800;38,5;35,6;42,5;38,3;39,2;36,8;30,5;38,2;40,9;44,2;41;43,2;41,2;39,3;39,5;40,6;46,2;49,7;48,1;43,1;49,9;55,9;56,7;59,3;60,5;59,6;59;67,8;63,1;63,5;59,5;69,9;68,2;72,4;1
240;1-1-2012 0:45:38.000;39,6;33,1;47,4;38;37;38,7;28,1;36,1;39,7;44,2;41,7;42,4;41,4;39,8;38,4;42;45,7;49,9;48,4;43,1;49,5;55,1;56,8;59;60,5;59;58,7;68,9;62,9;62;57,7;70;68,2;72,5;1
241;1-1-2012 0:45:38.200;37;33,8;45,2;40,5;41,1;36,1;29,3;38,9;38,5;43,8;40,6;40,6;42,2;40,9;38,3;40,5;46,2;49,4;48,2;43,6;49,5;55,9;56,5;59,3;61;60,5;58,4;68,3;62,1;60,6;56,1;69,9;68,2;72,3;1
242;1-1-2012 0:45:38.400;39,1;40;43,7;40,4;41,3;34,1;30,5;40,5;37,6;45,1;42,5;40,9;40,3;40,7;38,7;39,1;45,6;48,5;48;43,1;49,9;55,7;56,5;59;61,3;61;58,1;68,3;62,4;61,8;55,1;70;68,3;72,3;1
243;1-1-2012 0:45:38.600;36,4;34,6;39,3;41,5;44,6;34,9;30,4;39,8;37,5;43;42,3;41,5;40,2;40,6;38,9;40;45,4;49,6;48,7;43,5;50,4;62,6;63,3;65,4;61,6;62,1;70,5;66,4;70,1;70,7;58,4;74,8;73,1;76,9;1
244;1-1-2012 0:45:38.800;40,8;33,2;43,4;40,3;45,8;35,6;30;39,3;37,9;43,4;45,1;40,1;39,8;41;39,4;40;45,3;48,9;48,2;43,4;50;63,8;70,4;62,5;62,1;64,9;78,1;69,7;75,1;74;63,5;79,9;78,1;81,8;1
245;1-1-2012 0:45:39.000;40,3;35,5;44,4;39,4;43,5;35,3;29,4;38,2;36,6;44,5;43,4;39,8;39,8;40,1;38,9;39,2;45;49,1;48;44,1;50,7;64,6;69,4;62,4;62;64,7;77,3;69;74,6;74,7;63,1;79,3;77,4;81,4;1
246;1-1-2012 0:45:39.200;37,1;36,4;41,9;44,5;42,5;37,5;30,8;38,7;38,9;44,3;41;41,8;41,2;40,5;37,9;40,6;45,1;50,1;48,2;43,6;51,5;75;67,5;62,6;64;65,2;77,6;69,2;73,9;73,9;63,2;80,8;79,1;82;1
247;1-1-2012 0:45:39.400;38,5;36;47,2;42;42,6;35,4;29,8;38,6;39,3;42,3;40,6;41,9;42,3;39,8;38,3;41,4;45,6;49,8;48;43,8;52,8;73,9;69,6;63,9;64,5;65,4;82,2;70,1;75,5;74,3;64;83,2;81,3;84,4;1
248;1-1-2012 0:45:39.600;38,7;36,3;44,2;43,1;41,6;36,3;29,6;37,6;38,1;45,4;40,7;42,4;42,9;39,1;39,8;40,2;45,1;49,5;48,1;43,9;51,6;69,6;69,6;62,1;63,8;65,2;81,4;70,5;74,5;73,8;64;82;80,2;83,5;1
249;1-1-2012 0:45:39.800;38;35,6;43,9;42,2;39,3;37,1;29,2;38,3;40;42,8;40,7;41,8;41,4;39,4;39,8;41;45,7;49,4;48;43,8;50,9;68,2;74;65,4;64;66,9;83,3;72,6;75,3;74,9;65,6;84;82,1;85,4;1
250;1-1-2012 0:45:40.000;37,2;32,9;42,8;42,3;42,4;38,1;30,4;39,6;40,8;44,7;41,5;39,9;40,8;38;39,8;39,5;45;50,2;48,5;44,1;51,1;66,9;68,9;65,2;63,4;65,3;79,6;69,2;74,6;75,7;64;80,8;78,9;82,7;1
251;1-1-2012 0:45:40.200;33,3;35,9;41,8;40,6;42,4;39,3;30,7;39,4;38,9;44,5;42,7;39,9;41;40;39,7;39,6;45;49,6;48,5;45;51,2;75,3;67;65,8;64,8;65,7;79,2;69,3;73,9;75,1;63,7;81,7;79,9;83;1
252;1-1-2012 0:45:40.400;40,4;35,1;44,3;43,8;44,8;39;31,6;42;41,9;43,5;41,8;41,6;42,6;40,5;39,1;40,5;45;50,4;49,2;44;49,3;72,5;66,8;65,2;66,3;64,9;76,1;68,7;72,5;74,5;63,5;79,5;77,7;81;1
253;1-1-2012 0:45:40.600;41,1;35,7;40,6;43,4;43,2;38,7;33,7;40,4;38,5;40,6;41,7;39,7;41,3;39,7;38,4;40,3;45,4;50,2;48,6;43,9;50,1;70;66,5;63,7;65,2;64,4;73,2;68,3;73,2;75;63,9;77,9;76,1;80,2;1
254;1-1-2012 0:45:40.800;41,3;34,4;39,8;40,2;39,7;38;33,6;40,3;39,6;43,3;41,4;41,9;40,9;38,9;38,8;39,8;46;49,6;48,3;43,5;54,2;67,5;64,5;68,3;65,2;63,9;72,8;67,3;72,2;74,1;62,6;77,4;75,6;79,5;1
255;1-1-2012 0:45:41.000;40,9;35;45;40,4;41,5;36,6;32,4;39,4;38,4;42,2;41,6;43,3;41,8;40,1;38,2;39,2;46,2;49,7;48,2;44,1;53,5;66,6;67,5;66;65,4;65,7;81,6;70,4;74;74,2;63,8;82;80,1;83,6;1
256;1-1-2012 0:45:41.200;40,2;40,4;41,8;36,8;45,3;36,5;30,6;39,8;37,4;41,7;40,1;43,2;42;38,9;38,3;39,1;46,2;49,6;47,9;44,5;51,3;67;64,4;65,9;65,8;63,8;75,2;67,4;73,3;74,9;61,9;78,1;76,3;80,5;1
257;1-1-2012 0:45:41.400;37;42,1;39,4;38,8;44,8;34,2;31,3;38,4;38,9;41,7;40,8;42,1;41,4;39,2;39,4;39,1;46,4;49,7;48,2;44,3;50,7;70;64,8;64,7;64,7;63,3;76,7;68,8;75,5;73,9;61;79,3;77,5;81,4;1
258;1-1-2012 0:45:41.600;37,9;37,8;41,4;39;43,6;37,1;32,7;40,7;37,3;42,7;40,8;41;42,5;39,5;39;40;45,8;49,6;48,7;44,4;50,8;69,4;63,5;67,8;66,5;63,4;75,1;68,8;74,1;72,7;60,3;78,6;76,8;80,4;1
259;1-1-2012 0:45:41.800;38,8;32,7;40,3;36,1;43,2;37,2;34,8;40,4;38,6;43,7;41,5;40,5;42,3;39,2;38,2;39,7;45,1;49,3;48;44;50,7;66,9;60,5;68,8;64,8;64;69,3;66,1;69,6;70,4;59,4;75,8;74,1;77,3;1
260;1-1-2012 0:45:42.000;38,3;34,4;43,3;44,5;43,5;40,8;33,1;40,3;39,4;42,9;42,1;42,1;40,5;38,6;39,1;40,6;45,5;49,6;49;44,5;50,5;69,7;64,6;66,4;64,2;63,3;71,8;65,4;71,5;72,5;59,6;76,9;75,2;78,6;1
261;1-1-2012 0:45:42.200;38,9;36,9;43,9;43,2;42,4;38;31,3;40,7;38,7;41;41,2;41,4;41,1;39,1;38,5;40,7;45,2;50,1;48,8;44,6;50,9;67,5;61,7;71,4;65,6;62,8;67,2;65,6;67,7;69,8;59;76,5;74,7;77,3;1
262;1-1-2012 0:45:42.400;39;39,2;47,8;41,1;41,3;38,3;30,4;38,4;39,1;44,6;42,2;41;40,1;40,5;39;40,3;45,7;49,9;48,4;44,6;51,1;71,7;67,2;68,8;64,2;64;72,2;66;73;72,9;60,6;78,3;76,6;79,7;1
263;1-1-2012 0:45:42.600;39,9;34,6;44,5;41,3;42,3;37,9;29,4;39,8;39,1;43,9;42,1;41;39,9;39,5;38,1;39,8;46;50,1;48,2;44,7;51,5;72,7;69,1;67,3;63,6;64,3;73,8;67,1;74;72,9;61,3;79,1;77,4;80,5;1
264;1-1-2012 0:45:42.800;41,5;35,6;45,8;41,1;43,1;36,6;28,4;41,6;41,1;44,2;42,3;41,1;40,5;39,4;38,7;40;46;50,4;48,7;45,5;51,8;69;67,2;69,5;63,6;63,8;70,1;66,3;71,8;72,1;60,7;77,2;75,5;78,8;1
265;1-1-2012 0:45:43.000;41,6;33,6;44,6;37,7;42,8;35,8;30,6;42,1;39,2;41,7;42,8;41;39,9;39,1;37,7;39,2;45,6;50;49;45,4;50,3;67,7;68,1;66,5;63,1;63,8;72,4;66,3;73,3;73;61,1;77,4;75,6;79,5;1
266;1-1-2012 0:45:43.200;40,4;34;41,2;36,3;41,1;37,7;32,5;38,5;41,2;42,5;44;40,8;40,1;38,9;37,8;40,5;45,7;50;49,1;44,2;51,1;65,6;68,3;63,8;63,1;63,9;74,5;66,3;73,7;72,2;62,1;77,6;75,8;79,7;1
267;1-1-2012 0:45:43.400;36,5;33,3;43,8;43,5;42,2;40,4;30,5;40,6;38,9;43;42,1;41,7;42;40,4;38,4;39,4;45,4;49,7;48,9;44,3;51,4;66,9;69,4;62,7;63,6;65,6;77,9;68;75,9;73,1;63,4;79,9;78;81,8;1
268;1-1-2012 0:45:43.600;33,1;36;46,6;42;42;38,5;29,8;40,9;39,6;44,7;42,3;39,7;40,7;40,2;37,7;40,4;45,5;49,6;49,5;44,6;50,6;66,5;65,6;66,1;62,6;64,1;72,9;65,7;72,9;72,9;61,1;76,9;75,1;79,1;1
269;1-1-2012 0:45:43.800;37,5;35,8;42,7;41,5;41,2;38,2;29,5;38,5;40;44;42,5;40,7;41,1;40,1;39,2;39;45,7;49,8;49,1;44,1;51,6;67,6;70,9;66,2;62,9;66,3;76,8;67,9;75,1;74,2;62,6;79,7;77,9;81,6;1
270;1-1-2012 0:45:44.000;36,9;39;45,4;42,4;42,7;40,1;28,2;39,8;39,6;44,9;42;41,1;41,2;39,7;39,3;39,9;45,5;50,3;48,9;45;52,2;66,1;73,9;69,7;63,2;64,8;73,7;69,5;76,5;73,7;65,6;80;78,2;81,7;1
271;1-1-2012 0:45:44.200;35,3;39,6;42,7;41,7;41,3;37,4;30,2;42,5;39;44,4;40,2;42,5;40,8;39,9;39;40,6;45,7;50,1;48,6;44,4;50,6;65;72,2;66,3;63,5;65,2;76,5;68,7;77,6;74,9;64,5;80,2;78,3;82,4;1
272;1-1-2012 0:45:44.400;35,6;40,3;42,9;44,5;43,1;36,4;29,7;40,2;38,8;44,3;41,2;41,9;41,4;40;38,1;40,6;45,6;49,6;48,1;43,8;50,7;66;73,5;63,7;62,9;64,4;74,3;67,8;76,3;73;63,2;79,4;77,6;81,2;1
273;1-1-2012 0:45:44.600;33,2;39,3;41,5;41,2;44,2;37,2;29,9;39,8;39,1;44,2;42;42,6;42,5;39,3;39,6;40,9;45,2;49,5;48,8;43,2;51,3;66,2;72,3;61,8;62,9;63,6;70,5;65,8;73,4;71;61,3;77,5;75,7;78,9;1
274;1-1-2012 0:45:44.800;32;34,6;38,1;42,1;42,5;39,4;31,5;40,8;40,4;42,7;42,8;41,2;40,9;40,5;39;39,1;44,7;49,2;48,5;44,1;50,5;67,1;69,5;65,2;63,8;63,6;69,7;65,9;73,6;72,7;60,9;76,9;75,2;79;1
275;1-1-2012 0:45:45.000;37,7;35,6;43,1;44,4;39,9;36,6;30,9;40;39,4;40,8;42,2;40,6;41,2;40,5;40,1;38,2;44,1;49;47,7;44,3;50,8;65,3;65,5;65,2;63,8;63,7;68,7;65,2;73;72,9;60,9;75,7;74;78,3;1
276;1-1-2012 0:45:45.200;42,2;32,2;42,5;41,7;42,8;35,5;28,8;37,6;39,3;43,5;41;40,3;41,2;40,3;41;40,5;45;50,1;48,4;44,5;51,1;64,6;62,3;69,1;62,9;63,5;67,9;64,4;71,8;72,3;60,1;75,6;73,9;77,8;1
277;1-1-2012 0:45:45.400;38,3;37;45,9;41,6;43,5;37,4;29,5;41,4;41;44,3;42,6;41,2;42,2;40,8;39,3;41,7;45,7;50,2;49,2;45,3;51,1;65,2;75,7;71;63,7;66,2;71,2;72,9;76,5;72,7;68;80,7;79;82,1;1
278;1-1-2012 0:45:45.600;35,7;38;47,8;38,9;43,3;37,6;29,8;40,9;43,7;47;42,7;41,5;42,3;40,4;38,9;41,6;45,7;50,5;49,3;44;50,2;64,4;75;71,2;63,4;65;70,8;71,4;77,5;71,3;67,2;80,4;78,7;81,9;1
279;1-1-2012 0:45:45.800;32,1;40,9;44,4;42,4;44,8;38,1;27,1;41,9;40,9;43,9;42;40,9;43;40;38,3;40,9;45,6;50;48,9;44,6;50,1;64,7;78,8;72,6;64,4;65,5;71,6;73,8;77,4;71,4;68,5;82,6;80,9;83,3;1
280;1-1-2012 0:45:46.000;31,2;38,4;47,3;40,9;43,8;38,1;26,8;37,3;42,2;42,7;42,3;40,7;42,9;40,8;39;40,2;44,9;50,3;48,6;46,1;50,6;65,4;76;73,4;67;73,7;73,5;79,5;79,5;73,2;71,2;83,4;81,6;85,1;1
281;1-1-2012 0:45:46.200;28,7;35,4;43,7;42,5;44,2;35,7;31,2;37,2;41,2;42,7;43,5;41,1;40,6;39,7;39,1;40,7;45,1;49,2;48,4;47,2;51,5;66,4;74,5;72,7;71,7;80,2;71,4;84,9;81,7;73,4;71,8;86,1;84,2;88,1;1
282;1-1-2012 0:45:46.400;36,5;33,8;45,1;42,4;41,4;38;31,5;39,6;40,8;41,8;41,5;40,8;40,9;38,9;38,4;39,6;44,9;49,8;48,9;45,8;51;63,2;68,1;67,3;68,4;74,2;65,2;79,8;76,3;68,1;65,8;80,7;78,9;82,8;1
283;1-1-2012 0:45:46.600;43,2;35,4;42,8;42,1;39,3;37,5;31,4;37,4;40,2;42,8;41,6;41,4;40,9;38,5;37,2;38,8;45,7;49,4;48,3;44,2;50,6;61,7;62,4;62,6;63,8;68,2;59,9;73,5;69,8;63,8;60,1;75;73,2;77;1
284;1-1-2012 0:45:46.800;44,8;39,8;44,7;40,3;39,5;38,7;33,2;38;40,8;43,8;42,4;42,3;41,8;39,5;37,1;38,6;44,9;49,4;48,5;43,3;50,1;61,3;60;59,6;62;64,2;57,1;68,2;64,8;61,3;57;71,5;69,8;73,2;1
285;1-1-2012 0:45:47.000;43,2;36,3;40,3;37,5;36,8;37,4;31,2;39,2;38,5;44,2;41,5;41,8;40,6;39,5;38;39,7;45,4;50,3;48,4;44,5;48,7;58,7;64,9;61,1;61,6;67,9;70,3;80,7;72,6;68,5;71,9;79,5;77,6;82,4;1
286;1-1-2012 0:45:47.200;42;34,5;39,7;37,4;38,4;34,8;32,1;41,2;40,8;41,9;40,9;39,8;40,9;38,8;38;39,4;45,6;48,5;47,6;45,1;46,7;62,8;64,4;60,9;68,7;76,1;70,9;83;80,6;72,9;72,4;83,3;81,4;86,1;1
287;1-1-2012 0:45:47.400;37,1;37,8;38,8;40,5;41,1;35,7;32,8;42,5;39,6;43,6;48;41;41,8;38,5;38,6;39,8;45,4;49;48,3;46;47,9;63,2;62,2;59,2;68,8;75,7;66,9;78,4;77,3;67,8;66,9;80,6;78,7;82,7;1
288;1-1-2012 0:45:47.600;32,5;35,6;40,2;36;40,2;36;32,4;39,8;39,6;46,2;44,5;41,3;42,1;39,2;38,8;40,2;45;48,4;47,9;44,9;47,4;64,5;61,9;66,8;71,6;77,8;64,3;81,7;79,4;67,5;65,8;83;81,1;85;1
289;1-1-2012 0:45:47.800;35,8;33,8;38,7;32,4;40,5;36,4;30,8;39,6;38;44,1;42,7;41,1;42,5;39,8;40,6;40,6;45,5;49,5;47,7;44,3;49,8;64,5;60,7;69,3;70,2;74,4;62,7;78,6;76,2;65;62,3;80,3;78,5;82,2;1
290;1-1-2012 0:45:48.000;36,7;38,3;41;36,3;39,4;35,9;29,3;38,1;35,2;42,8;42,2;42,3;41,8;38,6;39,3;40,9;45,8;49,9;48,5;43,4;49,1;67,1;62,8;66;73,7;82;63,6;82,8;80,6;68,4;67,6;85,4;83,5;87;1
291;1-1-2012 0:45:48.200;36,1;37,9;43,2;34,9;42,2;37;30,5;38,9;37,6;43,2;40,9;40,6;41,7;37,8;39,4;39,8;45,3;49,5;48,4;43,7;50,6;68,1;68,6;69,1;72,2;80,7;71,5;82,7;81,1;71;67,7;85,1;83,2;86,9;1
292;1-1-2012 0:45:48.400;31,3;37,2;46,2;36,8;43,6;37,2;32,9;39,9;38,9;43,2;41,6;41,3;41,6;39,5;38,8;39,8;45,5;49,7;49;43,6;48,9;65,4;68,1;66,8;68;75,5;75,1;78,3;79,3;69;64,7;82;80,1;84;1
293;1-1-2012 0:45:48.600;41,6;37,5;47,1;40,1;44,8;35,6;30,4;40,7;38,5;42,3;40,9;39,8;40;39,3;38,6;40,8;45,4;49;49,4;44,4;47,9;68,2;73,5;67,4;72,4;83,3;76,8;79,7;80,6;70,5;68,3;86,3;84,5;87,4;1
294;1-1-2012 0:45:48.800;39,3;35,6;45,9;39;45,9;34,7;27,9;38,9;37,9;40,7;44,3;39,8;39,4;38,7;38,3;40,9;45,7;49,3;49,3;46,3;48,4;70,9;73,9;66,4;79,6;88,4;73,4;84,2;84,1;72,7;71,3;90,6;88,7;91,4;1
295;1-1-2012 0:45:49.000;36,4;36,7;46,6;37,6;44,1;36,5;29,2;40,2;40,1;41,2;42,4;41,4;38,5;38,6;38,8;40;46,8;49,6;49;43,8;48,5;69,5;78;64,2;73,2;82;71,7;78,4;78,6;68,9;66,8;85,6;83,8;86,2;1
296;1-1-2012 0:45:49.200;31,1;37,1;44,5;37,2;44,6;33,9;30,3;41;38,8;40,1;40,7;40,7;40,7;40,4;38,3;39,2;46,2;49,5;48,4;42,8;49,1;69,7;79,7;64;68,1;75,9;71,1;74,3;74,8;67,5;64,5;83,5;81,8;83,6;1
297;1-1-2012 0:45:49.400;40,2;39,6;42,1;40,6;44,8;36,1;30,4;37,8;39,9;41,5;40,4;40,2;41,3;40,2;36,4;39,8;46,8;50,1;48,6;43,2;49,4;68,6;80,1;64,8;67,6;72,1;72,7;73,5;75,1;68,8;64,1;83,3;81,6;83,4;1
298;1-1-2012 0:45:49.600;41,5;41,8;46,4;40,6;44,8;38,5;29,2;36,6;37,9;43,2;42,9;40,4;40,7;39,6;37,5;40,4;46,3;50;48,3;43,3;50,7;69,6;83;68,5;65,9;70,5;73,3;72,4;75,2;69;64,5;85,3;83,6;84,9;1
299;1-1-2012 0:45:49.800;38,7;38,2;42,7;40,6;42,4;37;29,2;40,8;39,4;42,7;41,3;39,2;41,6;40,2;37,9;40,5;46,2;49,7;48,2;42,9;50,5;69;81;68;64,9;69,1;73,3;71,3;75,4;69;64,9;84;82,3;83,8;1
300;1-1-2012 0:45:50.000;38,7;37,8;44,3;36,9;39,6;35,6;29,5;39,2;36,5;40,7;41,4;40,6;41,2;40;38,1;40,6;46,2;49,1;48,3;43,4;50,8;70;82;68,7;70;71,6;76;73,1;77,6;71,6;66,6;85,2;83,5;85,3;1
301;1-1-2012 0:45:50.200;34,1;34,4;43,3;35,1;40,7;36,7;31,5;40,2;37,4;41;42,5;41,4;42;39,4;38,1;40,3;45,8;49;48,5;44,4;51,4;75,1;86,1;70,4;67,2;71,2;75,2;73,3;76,5;70,5;67,2;88,4;86,7;87,7;1
302;1-1-2012 0:45:50.400;32,1;34,2;43,5;35,4;42,4;36,4;32,9;40,6;37,8;42,7;42,8;41;42,8;39,3;37,9;40,2;44,7;48,9;48,2;44,5;50,4;73,9;85,1;68,7;65,4;69,8;74,3;71,8;75,9;70;66,5;87,3;85,6;86,7;1
303;1-1-2012 0:45:50.600;30,6;37,2;43,7;37;44,3;38,1;30,8;39,5;39,6;46;40,8;41,3;42,8;39,2;37,7;40,7;44,9;49,1;47,9;43,6;50,9;73,1;84;69,9;65,4;69,6;73,8;71,2;75,7;70,8;65,9;86,4;84,7;85,9;1
304;1-1-2012 0:45:50.800;33;38,4;42,9;43,2;44,5;36,9;28,2;40;37,9;44,3;40,5;41,6;43;38,8;37,8;40,3;45;49,1;47,8;43,7;50,3;70,5;82,9;69,8;64,2;69,3;73,4;71,2;77,9;71,5;66,6;85,5;83,8;85,4;1
305;1-1-2012 0:45:51.000;38,2;37,5;44,9;42,6;41;35,4;30;39,1;37,7;43,9;41,8;40,7;42,2;40,3;37,9;39,9;44,9;49,1;48,7;44,1;50,5;69,4;81,7;68,7;63;67,8;70,4;69,6;74;69,6;64,7;84;82,3;83,6;1
306;1-1-2012 0:45:51.200;36,9;40,6;41,9;37,5;41,7;37,1;31,3;39,4;40,5;42,4;41,6;40,9;41,2;39,3;37,9;39,3;45,2;48,9;48,8;43,2;49,5;67,3;78,8;69,2;63;66,6;70,1;68,8;76,1;69,2;65,1;81,8;80,1;82,2;1
307;1-1-2012 0:45:51.400;34,5;37,8;37,8;35,1;42,8;35,7;30,5;37,5;38,6;41,1;41,6;41,6;41,4;38,8;39,4;40,6;45,4;48,8;48,9;43,8;48,9;65,5;73;71,1;64,3;64,6;67,9;67;75;68,7;63,1;78,6;76,9;79,7;1
308;1-1-2012 0:45:51.600;34,1;36,1;38,3;39,9;43,2;35,4;31,2;37,7;38,9;43,9;42;40,8;39,7;38,8;38,7;40,4;45,1;49,1;48,3;43,7;48,6;63,2;66,6;74,5;69,4;63,5;65,4;68;70,4;71,4;60,9;78,4;76,6;79,1;1
309;1-1-2012 0:45:51.800;29;37;42;38,1;42,2;38,4;29,4;38,4;39,4;42,6;41,9;41,6;39,9;39,6;38,2;40,4;45,5;48,6;48,6;44,1;48,7;62,3;61,9;73,3;67,7;63,3;64;67,2;69,8;72,9;60,3;77,2;75,4;78,6;1
310;1-1-2012 0:45:52.000;28;33;41,1;42,1;43,8;38,8;31,9;39,5;37,8;45,4;42,4;40,6;41,8;40,1;38,4;39,6;45,9;49,2;49;45,1;50;62,5;61;73,6;64,9;63,8;64,5;65,6;69,7;73,3;60,1;77,1;75,3;78,5;1
311;1-1-2012 0:45:52.200;39,5;35,1;42;41,2;45,6;36,8;31,4;38,9;39,9;43;41,8;40,7;42,1;40;38,5;39,7;45,8;49,8;49,4;44,4;48,9;63,3;63,2;73,4;67,9;63,4;64,5;68,2;70,1;73,8;62,9;77,6;75,8;79,1;1
312;1-1-2012 0:45:52.400;37,6;35,5;41;40,5;42,7;37,3;29,5;38,9;38,7;43,5;43,2;39,6;41,4;40,2;39,5;39,5;46;49,4;48,8;44,7;48,8;63,8;60,5;73,2;67,1;62,9;64,5;69,1;71,1;74,9;62,9;77,6;75,8;79,5;1
313;1-1-2012 0:45:52.600;39,8;38,3;39;42;41,5;37,8;28,6;39,5;38,6;43,1;42,3;40,4;39,7;40,3;39,3;39,3;46,1;49,3;49,1;44,8;49,2;66,5;70,4;71,7;67,1;63,6;65,4;70,5;72,6;73,1;65,1;78,4;76,6;79,9;1
314;1-1-2012 0:45:52.800;44,2;36,7;40,8;39,9;41,4;39,9;28,6;40,9;40,5;43,4;42,9;40,4;40,6;39,6;39,3;38,6;45;49,3;48,4;45;50,1;68;76,9;69,8;64,8;66,3;67,7;69,6;75,9;72;66,2;80,8;79,1;81,8;1
315;1-1-2012 0:45:53.000;46,4;33,9;40,5;38,4;39,7;38,5;30,1;39,5;38,4;42,8;43,3;40,7;38,8;39,5;39,3;39,9;45,1;49,8;48,4;45,3;51,3;67,5;79,4;66,1;63,4;67,3;67;68,5;72,4;69,2;66,9;81,8;80,1;81,7;1
316;1-1-2012 0:45:53.200;44;33,9;38,2;34,3;37,9;38,1;30,7;40,7;38,1;40,6;41,6;40,1;42,1;39,6;38,4;40,2;45,6;49,3;48,4;43,6;51,1;65,7;77,6;63,9;64,2;67;68,3;68,8;74,4;67;67,8;80,6;78,9;81;1
317;1-1-2012 0:45:53.400;42,8;34,1;42,5;38,9;41,8;37,5;31,9;38,1;37,9;40,8;41,1;41,1;40,5;39,4;40;41;45,2;49,5;48,9;43,3;50,9;64,3;79,8;65,2;63;70,6;66,7;72,7;72,6;68,3;70,1;82,4;80,7;82,4;1
318;1-1-2012 0:45:53.600;38,3;33,3;44,9;38,9;42,4;36,1;32,7;40;36,1;42;40,6;41,5;43,6;39,1;39,3;40,2;45,1;49,9;48,8;42,7;50,7;67;76,8;64,5;62,4;68,7;67;70,5;72,8;68,6;69,2;80,2;78,5;80,7;1
319;1-1-2012 0:45:53.800;35,1;33,4;44,4;38,6;41,7;34,5;32,4;37,4;38,2;41,6;41,1;42,5;43,2;39,5;38,3;40,8;45,4;48,8;48,2;43,2;50,9;70,8;74,5;66,6;62,7;66,2;68,2;68;72,4;69,6;68,6;79,2;77,4;79,9;1
320;1-1-2012 0:45:54.000;30,4;33,9;41,5;39;38,9;37,4;31,3;38,7;38,4;40,9;41,8;40,5;42;39,2;38;40,9;45,2;49,4;48,3;43,5;50,9;65,4;74,7;65,6;62,1;66,4;66;68,2;71,3;67,6;68,3;78,3;76,6;79;1
321;1-1-2012 0:45:54.200;30,7;30,2;39,6;40,4;37,1;38,1;30,5;37,5;37,9;42;42;40,3;41,5;39,1;37,8;40,4;45,1;49,6;48,5;43,4;51;64,5;76,8;66,1;62,5;65,7;66,3;67,8;73,1;70,3;69,6;79,8;78,1;80,5;1
322;1-1-2012 0:45:54.400;36,9;32,4;42,8;41;40,1;40,3;29,2;42,3;39,7;43,6;41,5;41,1;41,4;40;38,2;40,1;44,7;49,8;48,8;43,5;50,3;63,3;74,8;66;62;65,7;64,9;67,8;72,1;68,8;68,9;78,3;76,5;79,2;1
323;1-1-2012 0:45:54.600;37,7;35,3;43,7;40,8;42,5;36,7;28,2;41,5;40,5;43,7;43,6;40,7;40,1;38,2;38,4;40,2;44,3;49,7;49,2;43,3;49,8;61,7;71,6;63,4;61,6;65,5;64,7;67,8;72,3;66,8;67,4;76,3;74,5;77,8;1
324;1-1-2012 0:45:54.800;39,9;39,6;45,2;40,9;39,4;34,2;29,8;41,3;41,7;41,9;41,9;41,1;41;38,8;38,4;39,7;44,8;49,3;48,2;43,3;50,9;61,1;69,5;66,5;62,5;63,9;69,7;69,2;76,4;70,3;68,6;77,4;75,6;79,9;1
325;1-1-2012 0:45:55.000;39,8;39,8;46,9;37,5;40,6;34,6;28,8;39,3;40,2;39,9;40,1;40,7;40,6;38,6;38,5;39,4;45,7;49,1;47,9;43,8;51,1;60,4;77,8;70;63,9;64,7;75,7;73,6;81,4;72,2;73,7;82,9;81,1;84,9;1
326;1-1-2012 0:45:55.200;39,6;38;44,3;39,7;40,2;35;27,7;37,9;39,5;42;41,4;41,3;41,2;39,5;39,1;39;45,3;49;48,6;44,2;50,1;63,6;77,6;69,6;65,6;68,2;75,4;78,2;81;72,3;74,6;83,3;81,5;85,4;1
327;1-1-2012 0:45:55.400;38,4;38,2;43,6;44,7;40,2;37;28,2;36,8;38;41,1;42,2;40,4;40,7;39,2;37,7;38,7;45,7;49,4;48,5;43,5;50,6;63,3;77,9;69,8;64,9;71,8;72,1;78,8;78,8;71;72,8;83;81,2;84,6;1
328;1-1-2012 0:45:55.600;36,2;39,4;39,6;47;39,9;37,7;28,5;38;39,1;42,7;41,9;40,4;39,5;38,6;39,1;39,2;44,8;49,6;48,4;45,4;51;61,8;74,8;73,2;67,1;70,9;75;80,1;80,7;72,5;73,7;83,3;81,4;85,5;1
329;1-1-2012 0:45:55.800;35,9;37,2;40,1;44,2;39,3;37,4;31,4;39,5;38,8;44,7;41,2;40,1;40,5;39,9;37,9;39,4;45;49,5;48,6;45,5;50,9;61,1;72;72,6;66;69,7;74,4;79,1;79,1;72;72,3;81,9;80,1;84,2;1
330;1-1-2012 0:45:56.000;34,9;39,3;43,5;40,6;43,2;39,6;30,4;40,6;39,7;44,3;41,7;41;42,7;40,1;40,4;40,1;45,1;48,9;48,4;45,6;51,5;66,1;73,1;71,9;68,8;73;74,8;83;81,5;74,8;76;84,4;82,5;87;1
331;1-1-2012 0:45:56.200;32,5;38,1;44,2;40,1;41,7;37,2;28,2;41,7;40,2;46,7;42,5;39,9;41,5;38,6;39;41,1;45,2;49;48,3;46,2;51,6;67,1;75,2;72,5;69,2;72,7;76,3;84,6;83,5;76,3;77,4;85,8;83,9;88,6;1
332;1-1-2012 0:45:56.400;33,3;41;42,6;39,7;43,1;38;28,8;39,6;39,2;44,2;42,3;43;41;38,3;38,8;40,8;45;49,8;48,2;45,5;50,6;63;71,9;71,2;66,2;69;73,8;80,4;79,7;73,3;73,5;82,2;80,4;84,9;1
333;1-1-2012 0:45:56.600;31,8;40,5;44,2;39,9;43,3;37,4;28,9;39,4;37,8;43,1;42,5;42;42,6;40,1;39,1;41,2;45,6;49,4;48,9;44,5;48,6;60,9;67,5;67,4;63,7;65,8;69,3;75,7;74,7;68,8;68,5;77,9;76;80,3;1
334;1-1-2012 0:45:56.800;31,1;40,6;46,3;41,1;44,5;37,3;28,9;40,9;40,6;43,4;41,6;40,8;42,1;40,6;38,7;40,9;46,2;49,1;48,9;44,1;48,3;59,7;62,1;63,1;63,9;66,5;63,6;72,8;71;64,5;63,6;74,8;73;77;1
335;1-1-2012 0:45:57.000;33,3;38,8;43,2;41;43,3;36,1;30,9;38,9;38,5;43,3;42,7;42;41,1;40;39,2;41,4;46,5;49,2;48,7;43,7;48,8;63,3;59,1;61,4;66,4;69,3;60,2;76,1;72,6;63,4;61,8;76,7;74,8;78,9;1
336;1-1-2012 0:45:57.200;37,1;39,2;40,1;42,4;39,9;35,1;29,6;38,2;40,8;47,6;43,4;41,9;41,4;39;37,6;39,4;45,8;49,3;48,9;47,2;50,9;70,8;70;72,5;77,3;82,7;65,2;85,2;82,7;70,7;73,1;87,3;85,4;89;1
337;1-1-2012 0:45:57.400;35,6;38;43,2;40,9;45,4;35,5;29,2;40;38,6;43,9;41,2;39,7;40,9;39,3;39;39,9;46,4;49,8;48,8;48,5;50,9;73,6;75,9;70,2;75,9;84;68,3;85,2;83,2;72,1;74,6;88,1;86,3;89,7;1
338;1-1-2012 0:45:57.600;35;39,2;46,9;41,7;44,2;35,1;30,5;38,2;38,6;43,1;40,5;39,5;41,9;39,1;40;40,6;45,5;49,1;48;45;50,1;68;69,3;65;69,9;77,8;62,9;79,2;76,9;67,4;68,2;82;80,1;83,5;1
339;1-1-2012 0:45:57.800;33,2;35,3;46,3;40,7;43,6;38,6;29,8;40,9;38,9;41,2;40,6;39,7;40,1;39,1;38,9;39,1;45,5;49,4;47,9;44,9;50,5;70;70,6;64,9;74;79,4;65,3;84,3;80,6;70,1;68,7;85,1;83,3;87,1;1
340;1-1-2012 0:45:58.000;35,2;34,5;49;43,1;42;40,6;29,2;39,3;39;38,9;42,2;39,2;40,3;39,1;38,2;38,7;46,4;48,5;48,2;45,4;49,9;71;72;66,6;75,2;81,3;72,2;85,9;82,9;72,6;71;86,9;85,1;89;1
341;1-1-2012 0:45:58.200;33,7;32,1;46,9;40,8;43,2;37,8;30,6;38,4;40;41,1;41,3;40,3;40,4;40;38;39,5;46,1;49,9;48,5;44,5;49,5;66,3;74;63,2;69,4;75,3;70;80,2;78,8;69,3;67;82,4;80,6;84,3;1
342;1-1-2012 0:45:58.400;36,9;33,2;41,6;40,6;44,1;34,6;28,6;38,6;41,1;42,1;40,5;41,9;40;39,4;37,8;41,2;45,5;49,3;48;43,7;49,4;68,1;83,1;62,9;64,9;71,9;68,1;75,7;75,4;66,9;65,7;85,4;83,6;85;1
343;1-1-2012 0:45:58.600;38,2;40,1;39,7;39,6;44,1;36,9;31,2;38,8;38,8;39,7;39,8;41,4;41,9;41,2;39,5;40,3;45;48,8;47,6;43,9;49,6;65;80,8;64;64,6;68,9;71,7;74,2;77,4;69,1;66,4;83,7;81,9;83,9;1
344;1-1-2012 0:45:58.800;35,8;38,2;44,8;39,7;43,2;39;34,7;42,3;45,7;44,3;43,5;45,5;41,3;41;40,3;44,3;46,6;49,7;48,4;43,6;49,2;66;81,2;64,4;64;68,4;70,8;75,7;77,2;68,2;65,9;83,9;82,1;84,1;1
345;1-1-2012 0:45:59.000;38,5;34,5;43,3;42,4;42,7;41,7;39,1;54,2;47,7;44,2;51,9;45,6;48,7;43,8;46,4;49,7;49;50;49,1;44,1;49;69,8;85,4;64,3;63,5;70,2;70,5;75,5;76;67,7;67,5;87,3;85,7;86,7;1
346;1-1-2012 0:45:59.200;38,6;35,3;42,6;39,4;41,9;40,9;46,1;52,1;47,8;43,7;50,4;47,7;47,9;44,9;47,3;47,3;47,6;50,1;48,9;44,3;48,6;69,5;84,6;63,1;62,6;70,2;68;73,2;73,3;66,3;66,8;86,4;84,7;85,7;1
347;1-1-2012 0:45:59.400;37,4;35,2;45,3;36;42,5;38,8;44,4;47,6;51,9;50,6;48,8;50,6;50,6;48,3;49,9;49,9;47,2;49;48,6;45,2;52;65,3;78,9;61,3;61,8;66,5;65,3;71,4;70;64,9;63,1;81,1;79,4;80,8;1
348;1-1-2012 0:45:59.600;35,2;35,1;42,6;36,5;40,7;39,8;38,6;42,5;47,9;48,3;47,7;45,6;46,9;43,4;47,5;52,6;52,8;66,5;71;54,2;63,9;73,3;77;62,7;62,8;60,9;61;65,8;63,6;58,8;56,5;81;79,5;80,2;1
349;1-1-2012 0:45:59.800;38;39,7;44,7;38,9;39,7;38,6;34,5;39,4;42,6;46;45,8;42,4;43,3;41,2;42,4;46,5;46,4;59,7;64,3;48,1;57,4;66,7;70,2;56,1;56,2;54,2;54,3;58,9;56,7;51,9;49,6;74,3;72,8;73,6;1
350;1-1-2012 0:46:00.000;37,7;38,9;45,3;38,3;40,4;36,4;32,4;40,4;40,6;44,9;43,9;42,1;44,1;40,6;39,7;40,8;40,1;52,8;57,4;42,2;50,6;59,8;63,3;49,3;49,4;47,4;47,5;52;49,7;45;42,6;67,4;66,1;67,6;1
351;1-1-2012 0:46:00.200;33,4;33,8;44,9;35,9;42,2;36,7;31;39,7;41,4;45,7;44,3;43,2;46,8;41,7;37,2;37;35,8;46,2;50,5;37,8;44,3;53,1;56,4;43,7;44;42,3;42,3;46,2;43,9;38,6;35,9;60,8;60,8;64;1
352;1-1-2012 0:46:00.400;31,8;37,4;43,4;37,2;40,8;33;31,5;40,2;41,1;45;60,4;58,7;45,6;42;38;37,8;40,1;42,4;46,1;38,2;41,4;47,1;50,2;40,3;43,8;41,4;49,4;48,5;40,8;34,6;32,1;58,1;63,1;65,1;1
353;1-1-2012 0:46:00.600;32,9;35,7;44,4;35,3;40,9;38,7;32,4;36,8;38,9;45,4;55;52,2;44;39;39,1;36,2;36,4;38,1;41,8;38,7;43,4;45,7;46,4;42,3;41,2;38,9;43,7;44,7;37,1;29,8;26,7;54,8;58,3;63,3;1
354;1-1-2012 0:46:00.800;33,6;38,7;41,8;38,1;42,9;36,6;32;37,9;36,7;44,2;48,7;46,2;42,4;38,4;38,8;36,5;35,8;36,9;37,5;37,5;42,2;43,7;42,7;39,9;37,4;34,8;37,7;38,8;32,5;28;24;51,8;54,7;61,1;1
355;1-1-2012 0:46:01.000;32;38,3;39,5;40,5;42,8;35,6;32,4;37,2;36,9;44,7;43,9;43,5;42,4;40,6;39,2;37,1;34,8;36,5;36,8;37,1;38,8;41,1;38,9;36,3;34,9;34,8;34,4;38,3;29,9;25,2;22,4;49,6;53,3;58,2;1
356;1-1-2012 0:46:01.200;34;36,2;45,1;39;42,8;35,5;31,4;37,2;37,2;42,5;44,9;41,9;42,4;40,4;37,3;34,9;34,3;35,1;34,8;35,7;36,3;38,5;36,1;33,5;32,5;33,6;34,4;35,9;30,7;24,8;21,3;47,9;52,9;60,6;1
357;1-1-2012 0:46:01.400;34,7;33,6;42,7;35;44,5;36,2;29,5;39,7;38,4;43,3;42,4;42;42,4;39,2;36,6;35,9;32,9;34;34,5;35,1;37,1;38,7;37,3;35,4;36,2;32,3;32,2;34,6;30,2;24,6;21,8;48,1;52,6;59,5;1
358;1-1-2012 0:46:01.600;36,5;41,4;39;39,3;42,9;34,5;30,2;39,7;39,3;41,2;44,1;41,9;41,8;39,5;35,5;34,7;32,7;34,6;34,4;35,4;36,7;38,5;37;38,3;36,9;34,7;33,4;33,2;28,5;22,7;20,1;48,3;52,5;63,6;1
359;1-1-2012 0:46:01.800;38,4;40,8;41,3;38,1;41,3;34,5;33,2;40,6;40,8;42,7;42,7;40,9;41,8;39,1;36,9;35,3;33;34,3;34,2;35,9;36,5;38,7;38,9;37,8;37,5;36,3;37,5;37,8;30,7;24,7;22,1;48,9;53,3;63,3;1
360;1-1-2012 0:46:02.000;38,9;37;41,8;38,9;43,3;35,2;31;39,6;40,6;43,5;41,5;40,1;41,1;39,5;37,8;35,1;33,5;33,6;33,8;34,9;36,1;38,2;36,5;35,3;36,5;35,2;37,1;35,7;31,5;27,4;21,9;48;53;62,5;1
361;1-1-2012 0:46:02.200;42,7;40,4;43,9;40,2;43;33,3;29,4;38,5;39,4;45,8;41,8;40,3;40,7;39,9;37,9;33,8;33,1;34,1;33,2;35;35,5;38;35,3;33,8;33,6;30,6;31;30,4;26,1;22,8;20;47;52,9;64,8;1
362;1-1-2012 0:46:02.400;41;40,8;45,6;38,9;43,3;35,4;29,4;36,7;40,2;48,1;41,3;41,8;41,2;40,1;37,4;33,6;32,8;35,1;33,6;35,2;34,5;37,1;35;34,4;32,4;28;27,1;29,2;23,9;21,1;19,4;47;53,9;63,4;1
363;1-1-2012 0:46:02.600;37,6;39,1;47,1;36,7;41,3;34,5;30,8;39,8;39,5;44,4;42,3;42,1;41,3;40,2;36,2;34,1;32,6;35;33,7;35;34,3;37,1;35;33,4;34,3;30;30,1;27,9;23,7;20,7;19,6;46,7;52,6;60,9;1
364;1-1-2012 0:46:02.800;35,8;37,4;45;43,1;40,9;38,8;28,8;38,2;38,6;43,4;41,3;41,5;42,6;39,3;36,1;32,9;32,4;35,1;32,8;34,5;34,4;36,5;35,1;32,6;34,3;31,7;30,6;28;23,2;20,2;19,4;46,6;52,9;63,1;1
365;1-1-2012 0:46:03.000;32,1;34,8;43,9;44,1;43,6;36,8;26,9;41,2;39;44,4;42,7;41,8;43,1;39,7;38,1;33,4;32,9;33,9;32,7;34,5;34,3;36,5;34,9;31,9;31,9;29,1;28,8;28,4;23,3;20,2;19,3;46,5;53,2;63;1
366;1-1-2012 0:46:03.200;31,5;36,3;44,8;42,4;43,3;33,4;27,7;41,3;38,8;44,1;44,6;41,7;42,2;38,7;36,2;33;32,3;33,6;33,1;33,7;34,2;36,2;34,6;30,3;30;27,9;28,8;27,7;22,5;20;19,1;46,1;52,9;61,9;1
367;1-1-2012 0:46:03.400;35,2;39,1;42,6;40,2;42,7;38,2;29,5;40;36,4;43,8;43,9;42,9;42,6;37,9;35,9;34,7;31,6;33,6;33;35,4;35;36,8;34,7;31,6;31,7;32,8;32;30,8;25;20,6;19,3;46,6;52,7;61,6;1
368;1-1-2012 0:46:03.600;35;38,1;43,8;40,8;42,4;36,5;29,5;39,4;38;44,8;42,5;42,8;42,1;38,6;35,3;34,9;32,4;34,4;32,9;35,1;36,6;37,1;36,2;36,4;36,1;34,9;36,3;34,7;30,8;25,6;20,7;47,9;52,9;60,6;1
369;1-1-2012 0:46:03.800;39,3;36,9;41,5;40;43,1;36,8;30,6;38,9;36,7;43,3;41,2;40,3;41,6;38,1;34,8;34,2;31,6;33,8;33,1;34,8;36,6;38;37,6;35,7;35,6;33,2;33,4;33,9;30,6;25,7;20,9;47,6;52;61,9;1
370;1-1-2012 0:46:04.000;38,8;37,5;41,4;41,3;40,9;34;29,7;40,7;39,1;44;42,4;50,9;42,3;38,2;35,7;34,3;34,7;35,2;36,7;37,4;39,4;42,5;40;37,8;36,1;33,7;33,9;36,9;34,1;29,5;24,9;53,1;60,5;62,7;1
371;1-1-2012 0:46:04.200;39,1;34,1;40,4;42,8;43,4;37,2;31,8;42,1;40,7;44,4;63;59,2;42,7;46,1;43,7;51,4;44,9;43,5;46,5;40,5;47,2;49,7;46,6;43,6;37,5;35,1;36,1;37,4;34;29,9;24,9;58,7;64,5;66,2;1
372;1-1-2012 0:46:04.400;38,5;29,5;38,4;38,5;42,2;38,5;32,9;42,1;38,9;43,5;56,3;52,6;42,9;41,6;39,5;45,8;38,9;38,6;41;41,2;43,1;47,2;44,1;45,9;40,1;34,9;35,4;35,4;30,9;27,3;22,5;55,1;59,2;62,6;1
373;1-1-2012 0:46:04.600;38,2;30,5;42,5;41,1;41,4;39,1;31,8;40,7;38,8;42,4;60;55,7;45,3;52,3;47,2;58,6;49,2;47;52,1;45,2;45,4;51,9;51,8;46;40,5;37;36,5;34,3;30,8;26,8;21,6;62;65,1;68,1;1
374;1-1-2012 0:46:04.800;39,7;33,2;42,2;40,9;43,6;38,6;30,8;41,8;37,9;47,1;63,4;59,2;43,6;52,9;47,7;62;56,3;53,4;53,2;44,8;46,6;53,9;54,1;51,8;48,9;41,9;43,8;38,8;34,8;29,3;22,3;65,3;68;69,9;1
375;1-1-2012 0:46:05.000;37,8;35,4;39,8;39,1;42,7;36,4;31,8;40,1;39,1;46,1;59,1;55,6;41,7;47,7;42,4;58,7;53,5;50,2;48,5;40,4;42,9;49,1;50,4;56,4;58;49,8;50,7;45,4;40,8;34,8;25,5;64,2;65,1;67,4;1
376;1-1-2012 0:46:05.200;39,7;39,8;43,3;39,1;43,3;38,6;32,8;41,1;37,1;45;63,9;61,7;42,4;45,1;45,3;64,2;64,1;60,3;58,6;49,5;53;51,2;54,5;51;51,3;44,3;45,4;40,2;35,5;29,7;22,6;68,8;70,9;71,3;1
377;1-1-2012 0:46:05.400;36,5;42,1;44,1;39,4;44;36,8;32;41,4;39,1;42,5;62,9;59,4;41,7;41,3;39,9;59,7;59,4;54,9;53;45,7;47,8;49,9;57,7;65,5;56,8;51,5;49,7;45,5;41,8;33,5;25,5;69;69,2;70;1
378;1-1-2012 0:46:05.600;34;42;43,9;41;44,3;35,9;33,5;40,5;39,9;46,2;62,6;59,7;44,6;46,1;43;57,5;54;49,2;48,3;47,2;49,9;54;55,3;61,5;52,8;47,4;46,2;42,7;38,7;31,2;23,1;66;67,8;68,7;1
379;1-1-2012 0:46:05.800;39;38,4;42,4;41;44,6;35,7;32;40,4;38,4;46,4;66,6;56,2;42,1;48,5;39,6;55,5;52,4;45,9;46,6;48,8;49,3;50,7;53,3;55,1;46,5;41,8;40,2;37,8;38,3;28,3;21,3;63;67,7;68,4;1
380;1-1-2012 0:46:06.000;39,5;35,5;42,8;42,4;42;38,8;33,5;41,9;40,5;46,7;62,3;52,1;40,8;43,7;36,9;49,1;46;40,3;41;42,8;44;45,1;46,8;48,4;40,9;37,3;35;33,8;35,8;25,6;20,1;57,1;62,9;64,4;1
381;1-1-2012 0:43:44.200;34,8;34,6;45,6;41,7;44,2;39,5;29,7;41,2;38,8;41,8;41,3;40,7;41,1;38;37,8;39,1;45,6;49,4;48,3;42,6;53,3;60,5;57,5;63,9;61,5;64,9;61,8;72;68,4;60,8;58,9;73,5;71,7;75,5;1
382;1-1-2012 0:43:44.400;38,7;34,7;44,4;40,7;42,7;37,1;32,6;37,9;38,5;43,5;41,5;40,3;41;38,5;37,9;40;45,5;48,7;48,1;42,8;53;61,2;57,1;61,3;60,6;62,6;58,2;68;63,9;59,1;56,5;70,9;69,2;72,6;1
383;1-1-2012 0:43:44.600;35,1;39,6;44,7;42,8;43,9;35,9;31,9;37,3;37,7;43;41,3;42;40,3;38,7;37,7;39,8;45,6;48,9;48,7;44,3;52,3;65,4;69,5;70,1;69,5;80,4;72,1;81,8;80,7;72,4;69,8;84,6;82,7;86,4;1
384;1-1-2012 0:43:44.800;36,3;38;44,9;41,9;40,5;36,3;31,4;37;38,6;42,8;42,7;40,9;39,4;38,8;38,5;39,6;46,6;48,8;48,6;46,3;53,6;69;70,1;73,9;75,2;82,6;74,3;84,6;83,2;74;71,2;87,3;85,4;89,1;1
385;1-1-2012 0:43:45.000;36,8;36,3;44,2;45,3;41,6;44,4;36,6;39,8;40,6;43,8;46,1;41,4;41,6;40,9;38,3;38,9;46;49;48,2;44,5;53,8;66,3;65,2;71,9;74,4;79,8;68,5;82,9;80,9;70,3;67,8;84,9;83;86,7;1
386;1-1-2012 0:43:45.200;37,9;37;44;48,7;41,6;43,9;35,1;40,7;39,4;42,6;44;42,7;42,6;38,7;37,6;39;45,7;48,2;47,5;44;53,4;62,6;60,5;67,9;69;74,6;64,1;80,3;79,1;67,1;64,3;81,4;79,5;83,8;1
387;1-1-2012 0:43:45.400;39,5;36,7;45,4;44,3;41,9;42,5;35,8;40,8;40,9;44,4;43,2;41,8;41,1;38,7;38,5;39,1;44,9;47,9;47,9;42,9;53;62,6;63,9;67,7;69,7;79,1;66,7;86,4;82,5;69,8;66,9;85,8;83,9;88,4;1
388;1-1-2012 0:43:45.600;35,9;30,3;42;42,6;40,5;39;35,6;37,8;39,6;42,9;41,7;40,2;41,7;38,7;38,9;39;44,9;49,2;49,1;43,7;51,3;62,1;65,1;65,9;69,4;78,6;69,2;86,5;82,7;71,2;71,4;85,8;83,9;88,5;1
389;1-1-2012 0:43:45.800;33,6;37,1;46,6;43;38,9;38,4;33,2;38,3;37,2;44;42,6;40,2;43,4;39,1;38;38,4;45,1;48,8;48,7;42,8;49,2;62,6;70,4;66,1;68,2;75,6;71,5;83,8;81,4;70,9;69,2;83,9;82;86,5;1
390;1-1-2012 0:43:46.000;33,8;35,2;45,4;40,3;41;38,8;33,6;37;36,5;44,9;41,5;41,6;42,2;39,2;37,4;39;45,8;48;47,8;42,9;50,8;62,2;69,9;65,4;65,7;71,8;69,7;79,4;78;68,9;66,4;80,6;78,7;83;1
391;1-1-2012 0:43:46.200;32,7;37;44;36,5;39,9;37;32,6;37;36,8;44,5;40,1;40,4;41;39,7;38,3;39,2;46,1;48,7;48,5;42,3;52,5;61,9;65,8;63,2;63,7;69,2;65,1;78;75,4;66,3;63,1;78,3;76,4;80,8;1
392;1-1-2012 0:43:46.400;27,2;38,1;41,1;40;39,5;37,2;31,3;35,4;35,3;44,7;40,8;42;40,4;39,6;38,7;39,5;45,9;49;48,4;42,3;53,6;60,6;63,8;63,3;63;68,6;62,1;79,1;77,5;68;63,7;79,1;77,2;81,9;1
393;1-1-2012 0:43:46.600;32,4;34,6;44,8;40,6;38,6;35,4;29,7;38,5;36,9;43,3;40,5;41,5;40,2;39,5;38,9;40,3;46,5;49,3;48,3;42,1;53;61,6;63,1;61,9;61,5;66,1;62,8;74,6;73,2;65,2;60,4;75,7;73,9;78,2;1
394;1-1-2012 0:43:46.800;33,3;36,3;43,1;39,1;41,9;40,1;28,8;39,6;39,1;44,3;38,7;42,4;39,5;39;39,6;39,4;46,3;48,5;47,6;42,7;53,8;60,8;65,5;64;61,5;64;61,3;69,5;69,2;63,3;59,4;73,6;71,9;75,4;1
395;1-1-2012 0:43:47.000;34,4;38,8;39,9;37,1;39,8;40;31,7;38,3;38;45,1;41,8;41,6;39,3;38,9;39,3;38,6;45,4;48,4;47,6;42,2;53,6;60,3;63,6;63,4;62;63,7;61,7;66,9;66,7;62,2;58,4;72,4;70,7;73,8;1
396;1-1-2012 0:43:47.200;36,5;34,2;37,5;38,1;44,2;39,6;30,9;39,1;37,5;42,9;40,1;40,6;40,4;38,4;38,3;39,7;45,9;48,3;48,1;42,1;53,2;62;59,3;61,6;61;62,4;58,9;65,4;63,9;59,9;55,5;70,8;69,1;72;1
397;1-1-2012 0:43:47.400;34,3;31,8;39,4;39,3;42,9;37,9;29;41,4;39,7;43,5;40,1;41,9;41,6;39,9;37,1;40,1;45,1;49,4;48,9;42,6;52,9;62,1;57,9;63,3;60,8;62,2;58,7;67,5;65,5;61;55,5;71,5;69,8;73;1
398;1-1-2012 0:43:47.600;33,7;35,8;40,2;38,6;40,2;38,8;27;38,3;39,8;42,7;40,2;43,4;42,1;39,3;38,7;40,9;45,8;49,1;48,4;42,7;53,9;62,4;64,1;67,6;67;72,7;62,5;77,7;76,5;65,6;62,8;79,4;77,5;81,5;1
399;1-1-2012 0:43:47.800;30,3;36,4;37,3;39,4;40,8;40,3;32,3;39,8;39,8;45,4;42,5;41,8;41;38,8;38,4;40,4;45,1;48,9;48,4;43;53,4;60,8;67,7;66,8;64,5;69,4;61,6;73,7;73,5;66,2;61,3;77;75,2;78,8;1
400;1-1-2012 0:43:48.000;31,3;38,9;38,2;36,2;44,2;36,6;31,4;39,7;40,9;45,7;42,1;41;39,4;38,5;40,4;40,5;45,8;48,7;48;43,1;52,7;62,2;70,5;68,1;67;71,9;69,9;81,9;81,6;69,1;65,9;82,8;80,9;85,5;1
401;1-1-2012 0:43:48.200;36,7;36,5;39,7;38,3;40,9;34,1;32,1;39,3;40,5;43,9;42,1;40,7;41;40,5;39,8;39,5;45,9;48,5;47,9;44,2;51,6;63,4;74,2;67,1;66,8;71,8;69,5;82,8;82,6;72,6;65,7;83,9;82,1;86,5;1
402;1-1-2012 0:43:48.400;37,1;38,9;42,2;39,1;41,7;37,8;30,8;39,7;38,3;43,3;42,7;40,4;42;38,9;38;39,4;45,7;49,1;48,4;43,4;52;64,4;70,5;66,8;65,3;69,7;67,8;80,4;80,2;68,8;63,2;81,5;79,7;84,2;1
403;1-1-2012 0:43:48.600;39,5;37,6;44,4;40,2;40;37,3;30,3;37,7;40,7;42,9;41,1;40,7;41,7;39;35,9;39,7;45,4;49,4;49;42,7;51,7;63,3;72;67,8;62,6;65,3;66,5;74;74,4;66,3;62,1;78,1;76,3;79,7;1
404;1-1-2012 0:43:48.800;41,3;38,7;40,3;42,7;38,6;38,5;29,3;36,5;40;43,5;42,2;42;41,1;41,1;36,4;38,9;46,1;49,4;48,4;43,1;52,1;63,8;77,7;68,6;63,3;65,6;65;69,1;71;68,3;63,2;80,5;78,8;80,4;1
405;1-1-2012 0:43:49.000;43,7;37,4;39,6;39,4;38,3;35,6;32,7;38,4;38,5;41,8;43,2;42,4;42,7;40,5;37,2;38,3;46;48,7;48,1;42,8;51,7;63,6;76,8;67,9;61,6;64,8;64;66,1;72;69,5;61,6;79,6;77,9;79,7;1
406;1-1-2012 0:43:49.200;39,8;36;41,8;40,5;41,3;37,2;31,9;41;39,1;42,9;41,7;41,3;43,1;40,3;38,3;39;45,9;48,7;49;42,9;50,1;62,1;70,8;65,6;62,1;64,1;66,9;67;73;69,5;60,6;76,4;74,6;77,9;1
407;1-1-2012 0:43:49.400;39,4;33,7;44,5;40,9;41,2;37,5;31,5;38,2;38,9;46,8;39,7;40;42,5;39,3;38,3;40;45,6;49;48,6;43,8;51,9;63,9;74,1;65,7;61,7;65,3;64,9;66;70,5;67,3;61,9;77,6;75,9;78;1
408;1-1-2012 0:43:49.600;42,4;33,6;46,9;41,7;40,9;39,1;31,6;40,5;38,8;44;41,3;40,3;41,9;38,9;40;40,5;44,9;48,2;47,7;43,9;53,7;63,3;70;69,8;61,9;63,6;66,6;65;72,1;67,8;60,8;76,5;74,7;77,6;1
409;1-1-2012 0:43:49.800;41,8;33,2;42,5;39,7;39,8;37,5;29,2;39,9;39,9;42,3;41,3;41,3;41,9;39,2;39,9;40,1;45,3;48,6;48,1;44;53,6;63;66,4;70,7;62,4;63,4;72,4;65,1;75,4;71,3;61,3;77,7;75,8;79,7;1
410;1-1-2012 0:43:50.000;38;33,3;41;38,2;39;36,6;30,4;39,2;40;44,5;43,5;40,1;41,1;40,2;38,7;39,7;45;48,6;48,1;44,3;53,7;63,2;71,8;70,1;62,7;64,1;71,4;66;76;70,4;62,2;78,4;76,6;80,2;1
411;1-1-2012 0:43:50.200;36,4;32,2;38,5;38,1;41,5;36,9;31,6;40,3;38,2;44,3;41,3;41,2;41,2;40,3;37,3;39,5;45,3;49,3;48,5;43;52,9;64,3;70,3;67,8;62,5;64,1;70,3;65,2;75,3;68,3;62,1;77,3;75,5;79,3;1
412;1-1-2012 0:43:50.400;38,9;32,9;46,3;40,6;39,1;37,7;31,9;40;36,7;45,7;42,4;43,3;40,8;39,7;37,7;40,6;46,5;47,9;48;43,5;52,7;63,6;64,1;69,2;63,1;63,1;69;63,8;73,7;73;61,2;76,2;74,4;78,8;1
413;1-1-2012 0:43:50.600;42,9;36,8;44,5;38,3;36,2;39,4;30,2;38,1;38,3;44,6;43,7;41,5;40,9;39,5;37,4;41,5;45,9;48;48,3;44,1;53,1;63,4;64,9;70;63,5;63,4;72;65;77,7;70,7;62,8;77,9;76;80,5;1
414;1-1-2012 0:43:50.800;41,6;38;42,8;41,2;36,1;40,4;30,8;40,1;37,6;42,5;44,2;41,7;42,4;40,6;38,3;40,2;46;49,1;48,5;43,6;52,9;65,4;63,7;71,5;64,1;63,2;71,7;63,8;77;70,4;62,6;78;76,2;80,8;1
415;1-1-2012 0:43:51.000;39,5;39,6;43,1;41,6;37,7;42,2;31,9;42,1;41;42,6;42,2;41,1;42,4;39,9;38,4;39,6;47;48,8;47,9;43,4;52,1;63,3;59,3;73,5;65,8;61,8;67,5;62,5;73,6;74,4;60;77,5;75,7;80,4;1
416;1-1-2012 0:43:51.200;39,1;36,3;41;41,7;44,3;42,2;31,4;39,1;38,2;42,9;41;42,4;42,8;39,2;38,6;39,2;46,3;48,5;47,6;44,4;54,1;60,5;58,8;73,5;64,9;62,2;66,7;63,8;71,3;73,2;61,5;76,9;75,1;79,2;1
417;1-1-2012 0:43:51.400;37,6;37;45,4;38;43,9;40,4;30,9;39,6;41,1;44,5;42,4;42;41,5;38,4;38,7;38,6;46,1;49,2;48,7;44,4;54;61,9;58,1;72,5;63,3;62,7;66,5;63,4;71,2;74,2;61,2;76,5;74,7;78,8;1
418;1-1-2012 0:43:51.600;42;36,2;44,6;45;44,9;37,7;32,5;41,9;41;41;42,1;41,5;41,8;39,9;39,3;38,8;45,2;49;49;43,8;53,7;66;58;73,1;65,1;62;66,5;64,1;68,9;72,2;60,4;76,7;74,9;78;1
419;1-1-2012 0:43:51.800;40,5;30,7;40,4;40,4;40,9;39,4;33,9;40,7;40,1;41,7;42,3;40,9;42,5;40,1;38,3;39,1;45,9;50;49,4;43,6;53,5;65,7;59,7;69,3;63,3;61,9;64,4;62,3;69,8;71,7;58,6;74,9;73,1;76,9;1
420;1-1-2012 0:43:52.000;42,2;31;40,3;38,2;41,2;40,3;35;40,6;38,9;44,8;42,4;40,4;42,3;40;38,3;39,2;46,6;49,3;49,1;43,5;53,7;64,9;69,7;69,4;62,8;63,6;69,8;64,2;74,9;76,7;61,6;78;76,2;80,8;1
421;1-1-2012 0:43:52.200;42,4;34,4;37,3;39,8;36,3;38,4;33,5;38,4;37,8;45,8;41,1;41,7;42,1;38,3;38,8;39,3;45,6;49,2;48,3;43,1;54,2;62,3;72,7;68,9;63,1;64,2;69,9;66,9;75,5;71,7;61,8;78,3;76,5;80;1
422;1-1-2012 0:43:52.400;41,7;39,3;41,1;40,3;37,1;39,4;32,7;37,1;39,4;46;42,2;41,9;40,9;38,4;39,3;40,6;46;49,4;48,5;43,7;54,6;61,1;67,6;68,1;61,7;63,3;72,5;66,9;75,8;72,4;62,5;77,4;75,6;79,9;1
423;1-1-2012 0:43:52.600;38,5;37,7;38,6;37,7;39,6;40;32,9;39,8;38,9;46,4;42,4;41,1;42,6;38,8;38,4;40,6;45,9;49,9;48,6;43,1;54,5;61,3;66,1;64,6;60,7;62,9;68,4;65,6;73,3;69,1;60,7;74,9;73,2;77,5;1
424;1-1-2012 0:43:52.800;40,3;39,3;41,2;41,2;41,4;39,4;30,4;40,3;36,7;44,4;41,7;41,6;42;38,4;38,4;39,8;46,4;50,5;49,5;43,8;53,5;62,7;70,2;63,4;60,3;65;65,7;67,3;72,3;67,3;60,6;75,7;73,9;77,2;1
425;1-1-2012 0:43:53.000;39,4;38,4;42,3;40,9;39,4;36,9;32,7;38,8;36,3;43,1;39,5;41,1;42,1;38,6;38,7;39,2;46,8;49,6;49,3;43,9;53,7;61,3;70,9;65,9;60,7;67,5;65,5;68,6;71,9;67;60,8;76,4;74,6;77,7;1
426;1-1-2012 0:43:53.200;40,5;32,7;42,3;39,4;43,9;39,4;36,8;39,3;40;42,3;42;41,1;41,7;37,5;39,4;40,4;46,7;49,3;48,8;42,7;53,9;62,8;70,8;62,7;59,5;66,4;64,3;68;70,9;64,9;59,9;75,7;74;76,8;1
427;1-1-2012 0:43:53.400;39,2;36,6;40,4;37,3;42,2;37;35,6;40;39,2;44,5;41,8;43;41,4;38,7;39,5;40,1;46,9;48,7;48,1;43;53,5;61,5;66,9;66,1;61,6;69,8;69,7;72,3;74,2;68,6;61,4;77,2;75,4;79,2;1
428;1-1-2012 0:43:53.600;39,6;38,1;39,9;42,1;40,7;35,7;33,2;39,9;38,1;42,1;40,6;43,6;41,7;38,1;39,1;39;46,4;49,1;48,4;43,5;52,8;61,7;63,5;62,7;60,1;65,7;65,6;68,5;70;64,7;58,2;73,7;71,9;75,6;1
429;1-1-2012 0:43:53.800;41,5;37;39,5;39,7;43,2;39,9;34,1;39,7;39,9;41,6;40;41,7;41,8;37,5;38,7;40,5;45,8;49,1;48,2;42,8;53;61,5;61,1;61,3;59,9;64,1;64,1;68,6;68,3;63,8;57,1;72,6;70,9;74,5;1
430;1-1-2012 0:43:54.000;43,1;36,7;40,3;38,4;38,7;36,9;31,1;40,7;40;42;39,8;40;43,6;39,4;37,7;40,3;45,5;49,4;48,6;43;53,9;60,8;64,3;63,8;61,2;69;65,7;75,1;73,2;65,9;61,1;76,6;74,8;78,8;1
431;1-1-2012 0:43:54.200;43,8;35,6;41,2;39,7;35,3;38;32;40,3;39,7;43,1;42,7;41,2;41,9;39,3;39;39,9;45,6;48,8;48,3;43;54,3;63;64,6;64,1;61;67,1;68,1;72,7;72,6;67,2;61,5;75,9;74,1;78;1
432;1-1-2012 0:43:54.400;41,7;30,6;39,8;37,4;39,1;35,7;34,3;40,2;38,6;43,6;43,2;39,9;40,8;39;37,6;40,7;45,7;49,4;48,3;43,6;54,5;60,6;73,6;69;63,3;71,3;71,9;75,2;75,6;70;65,6;80,1;78,3;81,6;1
433;1-1-2012 0:43:54.600;39,4;29,5;43,3;38,1;39,7;37,3;31,6;38,6;37,8;42,7;43,1;41,2;40,4;39,9;38,5;41,5;46;50,2;49,4;45,1;53,3;62,3;70,8;71,2;65,3;73,9;73,3;80,8;79,7;72,2;67,6;82,5;80,7;84,8;1
434;1-1-2012 0:43:54.800;36,8;31,3;41,9;39,6;42,1;34,2;31;39,5;38,1;44;42,9;42,6;41,1;40,1;38,3;40,9;46,6;49,3;48,6;45,1;52,7;60,6;68,7;68,2;65,8;72,6;71,3;81,4;80,4;70,3;66;82,2;80,3;84,8;1
435;1-1-2012 0:43:55.000;40,4;34,6;41,4;42,7;41,5;38,6;35,7;40;37,3;44,1;41,9;42,5;41,3;39,3;38,7;40,1;46,9;49,8;49;44,4;52,9;62,1;75,2;70;66,2;75,3;71,1;80;78,6;69,8;67;82,8;80,9;84,4;1
436;1-1-2012 0:43:55.200;39,2;36,3;43,9;39,8;42,9;38,1;38;40;37,2;42,5;41,4;40,9;41,7;40,3;37,6;39,6;46,4;49,5;48,9;46,7;52,5;63,1;73,2;76,3;69,1;76,5;75,9;82,4;81,5;74,6;69,3;85;83,1;86,9;1
437;1-1-2012 0:43:55.400;37,7;32,1;42,7;38,5;42,2;39;34,1;38,6;38;43;41,1;40,4;40,5;39,3;37,8;39,6;45,8;50,2;48,7;44,6;53;61,6;71;72,5;65,4;72,7;72,9;78,8;78,2;71,4;66,4;81,6;79,7;83,6;1
438;1-1-2012 0:43:55.600;39,1;30,1;41,8;38,9;41,2;37,6;34,2;39,1;37,4;44,2;41,2;41,7;42;40,6;38,5;39,7;46,1;49,2;48,4;43,2;53,9;61,3;66,9;68,5;62,5;67,6;69,4;73,8;74,1;69,3;63,1;77,4;75,6;79,5;1
439;1-1-2012 0:43:55.800;38;35,1;43,2;36,5;40,5;39,7;33,5;39,4;37,8;43;40,7;42,6;42,6;40,5;38,8;40;46;48,6;47,9;43,7;53,3;60,7;63;64;61;63,6;67,6;69,1;71,8;67,5;61;74,3;72,5;76,6;1
440;1-1-2012 0:43:56.000;33,8;39;42,2;39,6;40,3;37,8;30,2;39,9;37,7;42,9;43,3;42,4;40,9;40,1;39,9;40,3;45,7;48,6;48,7;43,3;51,2;61,8;62,8;62,1;61,1;63,5;69,5;68,9;72,6;67,3;61,3;74,6;72,8;77,1;1
441;1-1-2012 0:43:56.200;35,1;37,1;45,8;38,3;41,1;35,5;30,5;40,7;39,2;44,8;43,2;42,1;42,7;39,6;39,5;40,4;45,3;49;49;42,9;51,8;61,8;68,9;62,3;61,7;68,5;69,3;71,5;73;67,1;62;76,7;74,9;78,4;1
442;1-1-2012 0:43:56.400;37,1;34,1;43,9;39,4;42,5;35,3;30,9;40;38,1;43,4;43,9;41,4;41,5;39,6;39,2;41;45,9;49,8;49,5;43,6;50,4;63,5;73,1;62,7;62,1;68,4;70,6;72,7;73,9;67,9;64,5;78,5;76,7;79,8;1
443;1-1-2012 0:43:56.600;36,8;32,8;44,5;38,8;45,1;38,7;33,6;39;38,5;43,8;43,9;41,8;40,4;40;38,9;40,2;46,2;49;49,5;44,2;49,7;63;72,2;64,7;63,6;68,2;73;75,3;77,1;70;66,2;79,7;77,8;81,7;1
444;1-1-2012 0:43:56.800;38,5;33,9;40,5;38,5;41;35,5;31,8;35,9;38,9;42,8;43,5;41,6;40,4;39,5;39,3;39;46,5;50,1;50,3;43,6;49,4;62,8;69,6;64,1;63,2;67,4;73,5;74,2;77,8;70;64,8;79,2;77,3;81,5;1
445;1-1-2012 0:43:57.000;39,8;38,6;43,9;37,5;40,6;34;30,9;39,9;38,8;43,5;43,1;41,5;40,7;41;38,6;38,9;46,9;50,2;49,8;43,8;49,8;64,2;76,1;62,5;62;66,7;69,6;71,7;74,8;67;63,8;79,8;78;80,5;1
446;1-1-2012 0:43:57.200;38,1;36,6;40,2;41,6;40,4;36,9;32;39,8;38,4;43,8;40,8;39,9;40,8;39,4;37,1;39,7;46,3;50;49,2;43,5;51,8;63,8;76,4;63,7;62,2;66,3;70,6;72,4;75,2;66,5;63,8;80,1;78,3;80,9;1
447;1-1-2012 0:43:57.400;37,9;32,9;38,1;39,3;42,7;37,7;30,2;39,3;36,7;42,8;41,1;41,1;41,7;39,5;38,1;39,6;46,3;48,9;48,2;44,1;52,1;62,8;74,1;65,7;66,8;69,7;72,5;80,1;81,4;68,5;66,6;82,6;80,7;85;1
448;1-1-2012 0:43:57.600;43;36,1;46;38,5;41,1;37;30;39,8;36,1;41,9;40,9;40,8;41,1;39;39,6;39,2;46,7;49,1;48,6;43,7;52,2;62,4;69;65,4;69,5;74,2;71,2;82,1;81,7;68,2;65,9;83,1;81,3;85,7;1
449;1-1-2012 0:43:57.800;42,5;38,2;42,6;38;39,3;39;28,8;43;40,4;43,4;41,9;40,9;41,4;39,6;39;38,5;45,9;49,2;48,3;43,7;53,2;61,5;63,6;63,8;71,8;78;66,6;85,1;82,8;68,8;65,8;85,1;83,2;87,6;1
450;1-1-2012 0:43:58.000;40;38,4;42,2;38,5;41;38;30,3;42,9;40,9;45,3;40,3;41,5;41,2;39,7;37,7;39,7;46,7;49,4;48,2;43,4;53,4;61,1;63,1;64,8;68;73,2;70,6;80,4;79,5;68,4;63,4;81,3;79,4;83,9;1
451;1-1-2012 0:43:58.200;41,4;37,2;40,9;42,4;43,1;38,2;32,9;40,5;37,9;44,8;40,4;40,7;42,7;40;38;40,8;46,1;48,8;48,9;43,3;51,9;62,5;65,1;62,8;66,2;72,6;71,1;79,8;78,6;70,6;63,4;80,8;78,9;83,4;1
452;1-1-2012 0:43:58.400;38,8;39,4;43,3;39,1;41,7;36,1;31;39,8;40,6;44,5;40,9;41,3;41,9;39,8;38,6;39,5;45,8;49;48,6;42,8;52,1;63,2;75,5;62,7;64,3;70,5;69,8;77,4;76,5;68,9;65,4;80,8;79;82,3;1
453;1-1-2012 0:43:58.600;39,2;37,8;40,3;35,5;41,1;35,1;35;40,1;38,6;42;42,3;40,3;41,3;39,3;39;40,4;46,5;49,2;48,9;43,1;53;62,2;69,5;62;65,5;70,5;66,4;77,2;75,9;66,4;62,3;78,8;77;81,1;1
454;1-1-2012 0:43:58.800;38,4;37,9;40,4;41,9;42,9;35,5;33,5;40;39,5;44,3;42,1;43;41,5;39,4;38,7;39,8;46;49,7;49,3;43,7;51,7;62,7;64,7;64;70,5;77;63,7;84,5;82;67,9;66,2;84,3;82,4;86,9;1
455;1-1-2012 0:43:59.000;36,4;39,7;43;42,4;40,8;38,8;32,2;39,5;38,2;43;41,9;42,2;40,6;41;39,5;39;46,7;50;49,3;44,7;52,2;64,6;63,8;66,5;75,1;80,7;64,4;84,2;82,8;69,3;68,5;85,8;83,9;87,9;1
456;1-1-2012 0:43:59.200;33;37;41;42,6;44;42;32,3;37,3;38,8;40,4;41,2;43,8;41,3;39,2;39,7;41;45,9;49,2;48,4;44,1;52,4;65,8;63,8;64,8;74,5;80;62,7;81,8;80,7;67,1;65,9;84,4;82,5;86,2;1
457;1-1-2012 0:43:59.400;36,1;37,6;39;40,6;43,5;39,3;31,3;38,3;37,1;40,6;42,1;42,2;41,6;39;39,8;41,1;45,9;49,8;49,3;50;53,8;72,7;69,3;74,3;81,1;87,7;69,1;87,6;87,4;73,7;71,5;91,3;89,4;92,8;1
458;1-1-2012 0:43:59.600;34,2;33,1;47,8;38,5;39,4;39,4;32,6;38,7;38,9;44;42,6;42,3;40,9;40,3;39,3;40,6;46,9;49,8;48,8;47,5;52,7;69,2;65,7;71,5;76,4;82,8;65,5;83,4;82,8;69,7;67,3;86,7;84,8;88,2;1
459;1-1-2012 0:43:59.800;33,3;34,7;48,2;40,9;40,9;39;36;50,4;47,4;44,9;53,7;49,4;46;41,8;41,8;44,2;46,6;50,1;49,1;45,1;51,8;65,3;59,8;65,5;69,8;75,9;59,9;76,6;75,9;64,1;61,2;80;78,2;81,6;1
460;1-1-2012 0:44:00.000;34,5;36,1;48,2;42,9;40,3;39,6;35,3;53,6;47,2;44,1;53,1;48,1;49,2;41,3;40,9;45,4;49,4;50,7;48,7;43,6;52,2;62,1;56,2;61,8;64,2;69,5;56,6;70,4;69,4;61,4;57,4;74,3;72,6;75,9;1
461;1-1-2012 0:44:00.200;38,6;32;45,5;41,1;40,4;40,1;44,4;51,1;47,4;44,1;49,4;47;45,8;43,2;45,7;46,6;48,8;49,7;49,3;44,2;54;59,9;56,6;61,8;61,8;64,3;55,5;65,9;64,2;59,9;55,7;70,9;69,4;72,3;1
462;1-1-2012 0:44:00.400;41,1;33,7;41,8;37,2;41,2;39,2;41,9;47,3;49,5;48,8;49,9;48,5;48,9;48,8;47,9;49,1;47,9;56,3;53,5;49;58,5;60,7;59,8;57,5;57,5;58,2;50,9;60,1;58;54,6;50;68,7;67,7;69,4;1
463;1-1-2012 0:44:00.600;42,3;34,1;39,8;37,9;39,4;34,6;36,1;43,1;46,2;46,5;47,5;45,2;44,9;43,9;42,4;43,6;41,7;49,6;46,9;43,2;51,7;53,9;52,9;50,6;50,6;51,3;44;53,2;51;47,6;43;61,9;61,4;64,3;1
464;1-1-2012 0:44:00.800;38,5;38,8;39,8;40,6;42,1;37,7;31,9;42,3;42,2;45,3;44;43,2;44,1;39,6;38,5;38,5;36,9;43,3;40,7;38,7;45;47,3;46,2;43,9;43,8;44,4;37,2;46,3;44,1;40,7;36,1;55,4;56,4;62;1
465;1-1-2012 0:44:01.000;36,3;38,4;45,9;41,1;40,7;35;29,5;40,3;40;43,8;42,3;43,8;43,7;39,5;35,6;35,7;34,7;38,2;36;36,3;39,6;41,7;40,6;38,6;37,7;38,1;31,7;39,7;37,6;34;29,5;50,5;53,9;62,2;1
